{
  "ABIRoot": {
    "kind": "Root",
    "name": "image_gallery_saver_plus",
    "printedName": "image_gallery_saver_plus",
    "children": [
      {
        "kind": "Import",
        "name": "Flutter",
        "printedName": "Flutter",
        "declKind": "Import",
        "moduleName": "image_gallery_saver_plus"
      },
      {
        "kind": "Import",
        "name": "UIKit",
        "printedName": "UIKit",
        "declKind": "Import",
        "moduleName": "image_gallery_saver_plus"
      },
      {
        "kind": "Import",
        "name": "Photos",
        "printedName": "Photos",
        "declKind": "Import",
        "moduleName": "image_gallery_saver_plus"
      },
      {
        "kind": "TypeDecl",
        "name": "ImageGallerySaverPlusPlugin",
        "printedName": "ImageGallerySaverPlusPlugin",
        "children": [
          {
            "kind": "Function",
            "name": "register",
            "printedName": "register(with:)",
            "children": [
              {
                "kind": "TypeNominal",
                "name": "Void",
                "printedName": "()"
              },
              {
                "kind": "TypeNominal",
                "name": "FlutterPluginRegistrar",
                "printedName": "any Flutter.FlutterPluginRegistrar",
                "usr": "c:objc(pl)FlutterPluginRegistrar"
              }
            ],
            "declKind": "Func",
            "usr": "c:@M@image_gallery_saver_plus@objc(cs)ImageGallerySaverPlusPlugin(cm)registerWithRegistrar:",
            "mangledName": "$s24image_gallery_saver_plus27ImageGallerySaverPlusPluginC8register4withySo07FlutterI9Registrar_p_tFZ",
            "moduleName": "image_gallery_saver_plus",
            "static": true,
            "objc_name": "registerWithRegistrar:",
            "declAttributes": [
              "Final",
              "ObjC",
              "AccessControl"
            ],
            "funcSelfKind": "NonMutating"
          },
          {
            "kind": "Function",
            "name": "handle",
            "printedName": "handle(_:result:)",
            "children": [
              {
                "kind": "TypeNominal",
                "name": "Void",
                "printedName": "()"
              },
              {
                "kind": "TypeNominal",
                "name": "FlutterMethodCall",
                "printedName": "Flutter.FlutterMethodCall",
                "usr": "c:objc(cs)FlutterMethodCall"
              },
              {
                "kind": "TypeFunc",
                "name": "Function",
                "printedName": "(Any?) -> ()",
                "children": [
                  {
                    "kind": "TypeNominal",
                    "name": "Void",
                    "printedName": "()"
                  },
                  {
                    "kind": "TypeNominal",
                    "name": "Optional",
                    "printedName": "Any?",
                    "children": [
                      {
                        "kind": "TypeNominal",
                        "name": "ProtocolComposition",
                        "printedName": "Any"
                      }
                    ],
                    "usr": "s:Sq"
                  }
                ]
              }
            ],
            "declKind": "Func",
            "usr": "c:@M@image_gallery_saver_plus@objc(cs)ImageGallerySaverPlusPlugin(im)handleMethodCall:result:",
            "mangledName": "$s24image_gallery_saver_plus27ImageGallerySaverPlusPluginC6handle_6resultySo17FlutterMethodCallC_yypSgctF",
            "moduleName": "image_gallery_saver_plus",
            "objc_name": "handleMethodCall:result:",
            "declAttributes": [
              "ObjC",
              "AccessControl"
            ],
            "funcSelfKind": "NonMutating"
          },
          {
            "kind": "Constructor",
            "name": "init",
            "printedName": "init()",
            "children": [
              {
                "kind": "TypeNominal",
                "name": "ImageGallerySaverPlusPlugin",
                "printedName": "image_gallery_saver_plus.ImageGallerySaverPlusPlugin",
                "usr": "c:@M@image_gallery_saver_plus@objc(cs)ImageGallerySaverPlusPlugin"
              }
            ],
            "declKind": "Constructor",
            "usr": "c:@M@image_gallery_saver_plus@objc(cs)ImageGallerySaverPlusPlugin(im)init",
            "mangledName": "$s24image_gallery_saver_plus27ImageGallerySaverPlusPluginCACycfc",
            "moduleName": "image_gallery_saver_plus",
            "overriding": true,
            "implicit": true,
            "objc_name": "init",
            "declAttributes": [
              "Dynamic",
              "ObjC",
              "Override"
            ],
            "init_kind": "Designated"
          }
        ],
        "declKind": "Class",
        "usr": "c:@M@image_gallery_saver_plus@objc(cs)ImageGallerySaverPlusPlugin",
        "mangledName": "$s24image_gallery_saver_plus27ImageGallerySaverPlusPluginC",
        "moduleName": "image_gallery_saver_plus",
        "declAttributes": [
          "AccessControl",
          "ObjC"
        ],
        "superclassUsr": "c:objc(cs)NSObject",
        "inheritsConvenienceInitializers": true,
        "superclassNames": [
          "ObjectiveC.NSObject"
        ],
        "conformances": [
          {
            "kind": "Conformance",
            "name": "Copyable",
            "printedName": "Copyable",
            "usr": "s:s8CopyableP",
            "mangledName": "$ss8CopyableP"
          },
          {
            "kind": "Conformance",
            "name": "Escapable",
            "printedName": "Escapable",
            "usr": "s:s9EscapableP",
            "mangledName": "$ss9EscapableP"
          },
          {
            "kind": "Conformance",
            "name": "Equatable",
            "printedName": "Equatable",
            "usr": "s:SQ",
            "mangledName": "$sSQ"
          },
          {
            "kind": "Conformance",
            "name": "Hashable",
            "printedName": "Hashable",
            "usr": "s:SH",
            "mangledName": "$sSH"
          },
          {
            "kind": "Conformance",
            "name": "CVarArg",
            "printedName": "CVarArg",
            "usr": "s:s7CVarArgP",
            "mangledName": "$ss7CVarArgP"
          },
          {
            "kind": "Conformance",
            "name": "_KeyValueCodingAndObservingPublishing",
            "printedName": "_KeyValueCodingAndObservingPublishing",
            "usr": "s:10Foundation37_KeyValueCodingAndObservingPublishingP",
            "mangledName": "$s10Foundation37_KeyValueCodingAndObservingPublishingP"
          },
          {
            "kind": "Conformance",
            "name": "_KeyValueCodingAndObserving",
            "printedName": "_KeyValueCodingAndObserving",
            "usr": "s:10Foundation27_KeyValueCodingAndObservingP",
            "mangledName": "$s10Foundation27_KeyValueCodingAndObservingP"
          },
          {
            "kind": "Conformance",
            "name": "CustomStringConvertible",
            "printedName": "CustomStringConvertible",
            "usr": "s:s23CustomStringConvertibleP",
            "mangledName": "$ss23CustomStringConvertibleP"
          },
          {
            "kind": "Conformance",
            "name": "CustomDebugStringConvertible",
            "printedName": "CustomDebugStringConvertible",
            "usr": "s:s28CustomDebugStringConvertibleP",
            "mangledName": "$ss28CustomDebugStringConvertibleP"
          }
        ]
      },
      {
        "kind": "TypeDecl",
        "name": "SaveResultModel",
        "printedName": "SaveResultModel",
        "children": [
          {
            "kind": "Function",
            "name": "encode",
            "printedName": "encode(to:)",
            "children": [
              {
                "kind": "TypeNominal",
                "name": "Void",
                "printedName": "()"
              },
              {
                "kind": "TypeNominal",
                "name": "Encoder",
                "printedName": "any Swift.Encoder",
                "usr": "s:s7EncoderP"
              }
            ],
            "declKind": "Func",
            "usr": "s:24image_gallery_saver_plus15SaveResultModelV6encode2toys7Encoder_p_tKF",
            "mangledName": "$s24image_gallery_saver_plus15SaveResultModelV6encode2toys7Encoder_p_tKF",
            "moduleName": "image_gallery_saver_plus",
            "implicit": true,
            "throwing": true,
            "funcSelfKind": "NonMutating"
          }
        ],
        "declKind": "Struct",
        "usr": "s:24image_gallery_saver_plus15SaveResultModelV",
        "mangledName": "$s24image_gallery_saver_plus15SaveResultModelV",
        "moduleName": "image_gallery_saver_plus",
        "declAttributes": [
          "AccessControl"
        ],
        "conformances": [
          {
            "kind": "Conformance",
            "name": "Copyable",
            "printedName": "Copyable",
            "usr": "s:s8CopyableP",
            "mangledName": "$ss8CopyableP"
          },
          {
            "kind": "Conformance",
            "name": "Escapable",
            "printedName": "Escapable",
            "usr": "s:s9EscapableP",
            "mangledName": "$ss9EscapableP"
          },
          {
            "kind": "Conformance",
            "name": "Encodable",
            "printedName": "Encodable",
            "usr": "s:SE",
            "mangledName": "$sSE"
          }
        ]
      }
    ],
    "json_format_version": 8
  },
  "ConstValues": [
    {
      "filePath": "\/Users\/amitsoni\/.pub-cache\/hosted\/pub.dev\/image_gallery_saver_plus-4.0.0\/ios\/Classes\/ImageGallerySaverPlusPlugin.swift",
      "kind": "StringLiteral",
      "offset": 137,
      "length": 64,
      "value": "\"Failed to save, please check whether the permission is enabled\""
    }
  ]
}