{
  "ABIRoot": {
    "kind": "Root",
    "name": "image_gallery_saver_plus",
    "printedName": "image_gallery_saver_plus",
    "children": [
      {
        "kind": "Import",
        "name": "Flutter",
        "printedName": "Flutter",
        "declKind": "Import",
        "moduleName": "image_gallery_saver_plus"
      },
      {
        "kind": "Import",
        "name": "UIKit",
        "printedName": "UIKit",
        "declKind": "Import",
        "moduleName": "image_gallery_saver_plus"
      },
      {
        "kind": "Import",
        "name": "Photos",
        "printedName": "Photos",
        "declKind": "Import",
        "moduleName": "image_gallery_saver_plus"
      },
      {
        "kind": "TypeDecl",
        "name": "ImageGallerySaverPlusPlugin",
        "printedName": "ImageGallerySaverPlusPlugin",
        "children": [
          {
            "kind": "Var",
            "name": "errorMessage",
            "printedName": "errorMessage",
            "children": [
              {
                "kind": "TypeNominal",
                "name": "String",
                "printedName": "Swift.String",
                "usr": "s:SS"
              }
            ],
            "declKind": "Var",
            "usr": "s:24image_gallery_saver_plus27ImageGallerySaverPlusPluginC12errorMessageSSvp",
            "mangledName": "$s24image_gallery_saver_plus27ImageGallerySaverPlusPluginC12errorMessageSSvp",
            "moduleName": "image_gallery_saver_plus",
            "declAttributes": [
              "HasInitialValue",
              "Final",
              "HasStorage"
            ],
            "isLet": true,
            "hasStorage": true,
            "accessors": [
              {
                "kind": "Accessor",
                "name": "Get",
                "printedName": "Get()",
                "children": [
                  {
                    "kind": "TypeNominal",
                    "name": "String",
                    "printedName": "Swift.String",
                    "usr": "s:SS"
                  }
                ],
                "declKind": "Accessor",
                "usr": "s:24image_gallery_saver_plus27ImageGallerySaverPlusPluginC12errorMessageSSvg",
                "mangledName": "$s24image_gallery_saver_plus27ImageGallerySaverPlusPluginC12errorMessageSSvg",
                "moduleName": "image_gallery_saver_plus",
                "implicit": true,
                "declAttributes": [
                  "Final"
                ],
                "accessorKind": "get"
              }
            ]
          },
          {
            "kind": "Var",
            "name": "result",
            "printedName": "result",
            "children": [
              {
                "kind": "TypeNominal",
                "name": "Optional",
                "printedName": "((Any?) -> ())?",
                "children": [
                  {
                    "kind": "TypeFunc",
                    "name": "Function",
                    "printedName": "(Any?) -> ()",
                    "children": [
                      {
                        "kind": "TypeNominal",
                        "name": "Void",
                        "printedName": "()"
                      },
                      {
                        "kind": "TypeNominal",
                        "name": "Optional",
                        "printedName": "Any?",
                        "children": [
                          {
                            "kind": "TypeNominal",
                            "name": "ProtocolComposition",
                            "printedName": "Any"
                          }
                        ],
                        "usr": "s:Sq"
                      }
                    ]
                  }
                ],
                "usr": "s:Sq"
              }
            ],
            "declKind": "Var",
            "usr": "s:24image_gallery_saver_plus27ImageGallerySaverPlusPluginC6resultyypSgcSgvp",
            "mangledName": "$s24image_gallery_saver_plus27ImageGallerySaverPlusPluginC6resultyypSgcSgvp",
            "moduleName": "image_gallery_saver_plus",
            "isOpen": true,
            "declAttributes": [
              "HasInitialValue",
              "HasStorage"
            ],
            "hasStorage": true,
            "accessors": [
              {
                "kind": "Accessor",
                "name": "Get",
                "printedName": "Get()",
                "children": [
                  {
                    "kind": "TypeNominal",
                    "name": "Optional",
                    "printedName": "((Any?) -> ())?",
                    "children": [
                      {
                        "kind": "TypeFunc",
                        "name": "Function",
                        "printedName": "(Any?) -> ()",
                        "children": [
                          {
                            "kind": "TypeNominal",
                            "name": "Void",
                            "printedName": "()"
                          },
                          {
                            "kind": "TypeNominal",
                            "name": "Optional",
                            "printedName": "Any?",
                            "children": [
                              {
                                "kind": "TypeNominal",
                                "name": "ProtocolComposition",
                                "printedName": "Any"
                              }
                            ],
                            "usr": "s:Sq"
                          }
                        ]
                      }
                    ],
                    "usr": "s:Sq"
                  }
                ],
                "declKind": "Accessor",
                "usr": "s:24image_gallery_saver_plus27ImageGallerySaverPlusPluginC6resultyypSgcSgvg",
                "mangledName": "$s24image_gallery_saver_plus27ImageGallerySaverPlusPluginC6resultyypSgcSgvg",
                "moduleName": "image_gallery_saver_plus",
                "implicit": true,
                "isOpen": true,
                "accessorKind": "get"
              },
              {
                "kind": "Accessor",
                "name": "Set",
                "printedName": "Set()",
                "children": [
                  {
                    "kind": "TypeNominal",
                    "name": "Void",
                    "printedName": "()"
                  },
                  {
                    "kind": "TypeNominal",
                    "name": "Optional",
                    "printedName": "((Any?) -> ())?",
                    "children": [
                      {
                        "kind": "TypeFunc",
                        "name": "Function",
                        "printedName": "(Any?) -> ()",
                        "children": [
                          {
                            "kind": "TypeNominal",
                            "name": "Void",
                            "printedName": "()"
                          },
                          {
                            "kind": "TypeNominal",
                            "name": "Optional",
                            "printedName": "Any?",
                            "children": [
                              {
                                "kind": "TypeNominal",
                                "name": "ProtocolComposition",
                                "printedName": "Any"
                              }
                            ],
                            "usr": "s:Sq"
                          }
                        ]
                      }
                    ],
                    "usr": "s:Sq"
                  }
                ],
                "declKind": "Accessor",
                "usr": "s:24image_gallery_saver_plus27ImageGallerySaverPlusPluginC6resultyypSgcSgvs",
                "mangledName": "$s24image_gallery_saver_plus27ImageGallerySaverPlusPluginC6resultyypSgcSgvs",
                "moduleName": "image_gallery_saver_plus",
                "implicit": true,
                "isOpen": true,
                "accessorKind": "set"
              },
              {
                "kind": "Accessor",
                "name": "Modify",
                "printedName": "Modify()",
                "children": [
                  {
                    "kind": "TypeNominal",
                    "name": "Void",
                    "printedName": "()"
                  }
                ],
                "declKind": "Accessor",
                "usr": "s:24image_gallery_saver_plus27ImageGallerySaverPlusPluginC6resultyypSgcSgvM",
                "mangledName": "$s24image_gallery_saver_plus27ImageGallerySaverPlusPluginC6resultyypSgcSgvM",
                "moduleName": "image_gallery_saver_plus",
                "implicit": true,
                "isOpen": true,
                "accessorKind": "_modify"
              }
            ]
          },
          {
            "kind": "Function",
            "name": "register",
            "printedName": "register(with:)",
            "children": [
              {
                "kind": "TypeNominal",
                "name": "Void",
                "printedName": "()"
              },
              {
                "kind": "TypeNominal",
                "name": "FlutterPluginRegistrar",
                "printedName": "any Flutter.FlutterPluginRegistrar",
                "usr": "c:objc(pl)FlutterPluginRegistrar"
              }
            ],
            "declKind": "Func",
            "usr": "c:@M@image_gallery_saver_plus@objc(cs)ImageGallerySaverPlusPlugin(cm)registerWithRegistrar:",
            "mangledName": "$s24image_gallery_saver_plus27ImageGallerySaverPlusPluginC8register4withySo07FlutterI9Registrar_p_tFZ",
            "moduleName": "image_gallery_saver_plus",
            "static": true,
            "objc_name": "registerWithRegistrar:",
            "declAttributes": [
              "Final",
              "ObjC",
              "AccessControl"
            ],
            "funcSelfKind": "NonMutating"
          },
          {
            "kind": "Function",
            "name": "handle",
            "printedName": "handle(_:result:)",
            "children": [
              {
                "kind": "TypeNominal",
                "name": "Void",
                "printedName": "()"
              },
              {
                "kind": "TypeNominal",
                "name": "FlutterMethodCall",
                "printedName": "Flutter.FlutterMethodCall",
                "usr": "c:objc(cs)FlutterMethodCall"
              },
              {
                "kind": "TypeFunc",
                "name": "Function",
                "printedName": "(Any?) -> ()",
                "children": [
                  {
                    "kind": "TypeNominal",
                    "name": "Void",
                    "printedName": "()"
                  },
                  {
                    "kind": "TypeNominal",
                    "name": "Optional",
                    "printedName": "Any?",
                    "children": [
                      {
                        "kind": "TypeNominal",
                        "name": "ProtocolComposition",
                        "printedName": "Any"
                      }
                    ],
                    "usr": "s:Sq"
                  }
                ]
              }
            ],
            "declKind": "Func",
            "usr": "c:@M@image_gallery_saver_plus@objc(cs)ImageGallerySaverPlusPlugin(im)handleMethodCall:result:",
            "mangledName": "$s24image_gallery_saver_plus27ImageGallerySaverPlusPluginC6handle_6resultySo17FlutterMethodCallC_yypSgctF",
            "moduleName": "image_gallery_saver_plus",
            "isOpen": true,
            "objc_name": "handleMethodCall:result:",
            "declAttributes": [
              "ObjC",
              "AccessControl"
            ],
            "funcSelfKind": "NonMutating"
          },
          {
            "kind": "Function",
            "name": "saveVideo",
            "printedName": "saveVideo(_:isReturnImagePath:)",
            "children": [
              {
                "kind": "TypeNominal",
                "name": "Void",
                "printedName": "()"
              },
              {
                "kind": "TypeNominal",
                "name": "String",
                "printedName": "Swift.String",
                "usr": "s:SS"
              },
              {
                "kind": "TypeNominal",
                "name": "Bool",
                "printedName": "Swift.Bool",
                "usr": "s:Sb"
              }
            ],
            "declKind": "Func",
            "usr": "s:24image_gallery_saver_plus27ImageGallerySaverPlusPluginC9saveVideo_08isReturnE4PathySS_SbtF",
            "mangledName": "$s24image_gallery_saver_plus27ImageGallerySaverPlusPluginC9saveVideo_08isReturnE4PathySS_SbtF",
            "moduleName": "image_gallery_saver_plus",
            "isOpen": true,
            "funcSelfKind": "NonMutating"
          },
          {
            "kind": "Function",
            "name": "saveImage",
            "printedName": "saveImage(_:isReturnImagePath:)",
            "children": [
              {
                "kind": "TypeNominal",
                "name": "Void",
                "printedName": "()"
              },
              {
                "kind": "TypeNominal",
                "name": "UIImage",
                "printedName": "UIKit.UIImage",
                "usr": "c:objc(cs)UIImage"
              },
              {
                "kind": "TypeNominal",
                "name": "Bool",
                "printedName": "Swift.Bool",
                "usr": "s:Sb"
              }
            ],
            "declKind": "Func",
            "usr": "s:24image_gallery_saver_plus27ImageGallerySaverPlusPluginC04saveE0_08isReturnE4PathySo7UIImageC_SbtF",
            "mangledName": "$s24image_gallery_saver_plus27ImageGallerySaverPlusPluginC04saveE0_08isReturnE4PathySo7UIImageC_SbtF",
            "moduleName": "image_gallery_saver_plus",
            "isOpen": true,
            "funcSelfKind": "NonMutating"
          },
          {
            "kind": "Function",
            "name": "saveImageAtFileUrl",
            "printedName": "saveImageAtFileUrl(_:isReturnImagePath:)",
            "children": [
              {
                "kind": "TypeNominal",
                "name": "Void",
                "printedName": "()"
              },
              {
                "kind": "TypeNominal",
                "name": "String",
                "printedName": "Swift.String",
                "usr": "s:SS"
              },
              {
                "kind": "TypeNominal",
                "name": "Bool",
                "printedName": "Swift.Bool",
                "usr": "s:Sb"
              }
            ],
            "declKind": "Func",
            "usr": "s:24image_gallery_saver_plus27ImageGallerySaverPlusPluginC04saveE9AtFileUrl_08isReturnE4PathySS_SbtF",
            "mangledName": "$s24image_gallery_saver_plus27ImageGallerySaverPlusPluginC04saveE9AtFileUrl_08isReturnE4PathySS_SbtF",
            "moduleName": "image_gallery_saver_plus",
            "isOpen": true,
            "funcSelfKind": "NonMutating"
          },
          {
            "kind": "Function",
            "name": "didFinishSavingImage",
            "printedName": "didFinishSavingImage(image:error:contextInfo:)",
            "children": [
              {
                "kind": "TypeNominal",
                "name": "Void",
                "printedName": "()"
              },
              {
                "kind": "TypeNominal",
                "name": "UIImage",
                "printedName": "UIKit.UIImage",
                "usr": "c:objc(cs)UIImage"
              },
              {
                "kind": "TypeNominal",
                "name": "Optional",
                "printedName": "Foundation.NSError?",
                "children": [
                  {
                    "kind": "TypeNominal",
                    "name": "NSError",
                    "printedName": "Foundation.NSError",
                    "usr": "c:objc(cs)NSError"
                  }
                ],
                "usr": "s:Sq"
              },
              {
                "kind": "TypeNominal",
                "name": "Optional",
                "printedName": "Swift.UnsafeMutableRawPointer?",
                "children": [
                  {
                    "kind": "TypeNominal",
                    "name": "UnsafeMutableRawPointer",
                    "printedName": "Swift.UnsafeMutableRawPointer",
                    "usr": "s:Sv"
                  }
                ],
                "usr": "s:Sq"
              }
            ],
            "declKind": "Func",
            "usr": "c:@M@image_gallery_saver_plus@objc(cs)ImageGallerySaverPlusPlugin(im)didFinishSavingImageWithImage:error:contextInfo:",
            "mangledName": "$s24image_gallery_saver_plus27ImageGallerySaverPlusPluginC015didFinishSavingE00A05error11contextInfoySo7UIImageC_So7NSErrorCSgSvSgtF",
            "moduleName": "image_gallery_saver_plus",
            "isOpen": true,
            "objc_name": "didFinishSavingImageWithImage:error:contextInfo:",
            "declAttributes": [
              "ObjC",
              "RawDocComment"
            ],
            "funcSelfKind": "NonMutating"
          },
          {
            "kind": "Function",
            "name": "didFinishSavingVideo",
            "printedName": "didFinishSavingVideo(videoPath:error:contextInfo:)",
            "children": [
              {
                "kind": "TypeNominal",
                "name": "Void",
                "printedName": "()"
              },
              {
                "kind": "TypeNominal",
                "name": "String",
                "printedName": "Swift.String",
                "usr": "s:SS"
              },
              {
                "kind": "TypeNominal",
                "name": "Optional",
                "printedName": "Foundation.NSError?",
                "children": [
                  {
                    "kind": "TypeNominal",
                    "name": "NSError",
                    "printedName": "Foundation.NSError",
                    "usr": "c:objc(cs)NSError"
                  }
                ],
                "usr": "s:Sq"
              },
              {
                "kind": "TypeNominal",
                "name": "Optional",
                "printedName": "Swift.UnsafeMutableRawPointer?",
                "children": [
                  {
                    "kind": "TypeNominal",
                    "name": "UnsafeMutableRawPointer",
                    "printedName": "Swift.UnsafeMutableRawPointer",
                    "usr": "s:Sv"
                  }
                ],
                "usr": "s:Sq"
              }
            ],
            "declKind": "Func",
            "usr": "c:@M@image_gallery_saver_plus@objc(cs)ImageGallerySaverPlusPlugin(im)didFinishSavingVideoWithVideoPath:error:contextInfo:",
            "mangledName": "$s24image_gallery_saver_plus27ImageGallerySaverPlusPluginC20didFinishSavingVideo9videoPath5error11contextInfoySS_So7NSErrorCSgSvSgtF",
            "moduleName": "image_gallery_saver_plus",
            "isOpen": true,
            "objc_name": "didFinishSavingVideoWithVideoPath:error:contextInfo:",
            "declAttributes": [
              "ObjC"
            ],
            "funcSelfKind": "NonMutating"
          },
          {
            "kind": "Function",
            "name": "saveResult",
            "printedName": "saveResult(isSuccess:error:filePath:)",
            "children": [
              {
                "kind": "TypeNominal",
                "name": "Void",
                "printedName": "()"
              },
              {
                "kind": "TypeNominal",
                "name": "Bool",
                "printedName": "Swift.Bool",
                "usr": "s:Sb"
              },
              {
                "kind": "TypeNominal",
                "name": "Optional",
                "printedName": "Swift.String?",
                "children": [
                  {
                    "kind": "TypeNominal",
                    "name": "String",
                    "printedName": "Swift.String",
                    "usr": "s:SS"
                  }
                ],
                "hasDefaultArg": true,
                "usr": "s:Sq"
              },
              {
                "kind": "TypeNominal",
                "name": "Optional",
                "printedName": "Swift.String?",
                "children": [
                  {
                    "kind": "TypeNominal",
                    "name": "String",
                    "printedName": "Swift.String",
                    "usr": "s:SS"
                  }
                ],
                "hasDefaultArg": true,
                "usr": "s:Sq"
              }
            ],
            "declKind": "Func",
            "usr": "s:24image_gallery_saver_plus27ImageGallerySaverPlusPluginC10saveResult9isSuccess5error8filePathySb_SSSgAHtF",
            "mangledName": "$s24image_gallery_saver_plus27ImageGallerySaverPlusPluginC10saveResult9isSuccess5error8filePathySb_SSSgAHtF",
            "moduleName": "image_gallery_saver_plus",
            "isOpen": true,
            "funcSelfKind": "NonMutating"
          },
          {
            "kind": "Function",
            "name": "isImageFile",
            "printedName": "isImageFile(filename:)",
            "children": [
              {
                "kind": "TypeNominal",
                "name": "Bool",
                "printedName": "Swift.Bool",
                "usr": "s:Sb"
              },
              {
                "kind": "TypeNominal",
                "name": "String",
                "printedName": "Swift.String",
                "usr": "s:SS"
              }
            ],
            "declKind": "Func",
            "usr": "s:24image_gallery_saver_plus27ImageGallerySaverPlusPluginC02isE4File8filenameSbSS_tF",
            "mangledName": "$s24image_gallery_saver_plus27ImageGallerySaverPlusPluginC02isE4File8filenameSbSS_tF",
            "moduleName": "image_gallery_saver_plus",
            "isOpen": true,
            "funcSelfKind": "NonMutating"
          },
          {
            "kind": "Constructor",
            "name": "init",
            "printedName": "init()",
            "children": [
              {
                "kind": "TypeNominal",
                "name": "ImageGallerySaverPlusPlugin",
                "printedName": "image_gallery_saver_plus.ImageGallerySaverPlusPlugin",
                "usr": "c:@M@image_gallery_saver_plus@objc(cs)ImageGallerySaverPlusPlugin"
              }
            ],
            "declKind": "Constructor",
            "usr": "c:@M@image_gallery_saver_plus@objc(cs)ImageGallerySaverPlusPlugin(im)init",
            "mangledName": "$s24image_gallery_saver_plus27ImageGallerySaverPlusPluginCACycfc",
            "moduleName": "image_gallery_saver_plus",
            "overriding": true,
            "implicit": true,
            "objc_name": "init",
            "declAttributes": [
              "Dynamic",
              "ObjC",
              "Override"
            ],
            "init_kind": "Designated"
          }
        ],
        "declKind": "Class",
        "usr": "c:@M@image_gallery_saver_plus@objc(cs)ImageGallerySaverPlusPlugin",
        "mangledName": "$s24image_gallery_saver_plus27ImageGallerySaverPlusPluginC",
        "moduleName": "image_gallery_saver_plus",
        "isOpen": true,
        "declAttributes": [
          "AccessControl",
          "ObjC"
        ],
        "superclassUsr": "c:objc(cs)NSObject",
        "inheritsConvenienceInitializers": true,
        "superclassNames": [
          "ObjectiveC.NSObject"
        ],
        "conformances": [
          {
            "kind": "Conformance",
            "name": "Copyable",
            "printedName": "Copyable",
            "usr": "s:s8CopyableP",
            "mangledName": "$ss8CopyableP"
          },
          {
            "kind": "Conformance",
            "name": "Escapable",
            "printedName": "Escapable",
            "usr": "s:s9EscapableP",
            "mangledName": "$ss9EscapableP"
          },
          {
            "kind": "Conformance",
            "name": "Equatable",
            "printedName": "Equatable",
            "usr": "s:SQ",
            "mangledName": "$sSQ"
          },
          {
            "kind": "Conformance",
            "name": "Hashable",
            "printedName": "Hashable",
            "usr": "s:SH",
            "mangledName": "$sSH"
          },
          {
            "kind": "Conformance",
            "name": "CVarArg",
            "printedName": "CVarArg",
            "usr": "s:s7CVarArgP",
            "mangledName": "$ss7CVarArgP"
          },
          {
            "kind": "Conformance",
            "name": "_KeyValueCodingAndObservingPublishing",
            "printedName": "_KeyValueCodingAndObservingPublishing",
            "usr": "s:10Foundation37_KeyValueCodingAndObservingPublishingP",
            "mangledName": "$s10Foundation37_KeyValueCodingAndObservingPublishingP"
          },
          {
            "kind": "Conformance",
            "name": "_KeyValueCodingAndObserving",
            "printedName": "_KeyValueCodingAndObserving",
            "usr": "s:10Foundation27_KeyValueCodingAndObservingP",
            "mangledName": "$s10Foundation27_KeyValueCodingAndObservingP"
          },
          {
            "kind": "Conformance",
            "name": "CustomStringConvertible",
            "printedName": "CustomStringConvertible",
            "usr": "s:s23CustomStringConvertibleP",
            "mangledName": "$ss23CustomStringConvertibleP"
          },
          {
            "kind": "Conformance",
            "name": "CustomDebugStringConvertible",
            "printedName": "CustomDebugStringConvertible",
            "usr": "s:s28CustomDebugStringConvertibleP",
            "mangledName": "$ss28CustomDebugStringConvertibleP"
          }
        ]
      },
      {
        "kind": "TypeDecl",
        "name": "SaveResultModel",
        "printedName": "SaveResultModel",
        "children": [
          {
            "kind": "Var",
            "name": "isSuccess",
            "printedName": "isSuccess",
            "children": [
              {
                "kind": "TypeNominal",
                "name": "ImplicitlyUnwrappedOptional",
                "printedName": "Swift.Bool?",
                "children": [
                  {
                    "kind": "TypeNominal",
                    "name": "Bool",
                    "printedName": "Swift.Bool",
                    "usr": "s:Sb"
                  }
                ],
                "usr": "s:Sq"
              }
            ],
            "declKind": "Var",
            "usr": "s:24image_gallery_saver_plus15SaveResultModelV9isSuccessSbSgvp",
            "mangledName": "$s24image_gallery_saver_plus15SaveResultModelV9isSuccessSbSgvp",
            "moduleName": "image_gallery_saver_plus",
            "declAttributes": [
              "HasInitialValue",
              "HasStorage"
            ],
            "hasStorage": true,
            "accessors": [
              {
                "kind": "Accessor",
                "name": "Get",
                "printedName": "Get()",
                "children": [
                  {
                    "kind": "TypeNominal",
                    "name": "ImplicitlyUnwrappedOptional",
                    "printedName": "Swift.Bool?",
                    "children": [
                      {
                        "kind": "TypeNominal",
                        "name": "Bool",
                        "printedName": "Swift.Bool",
                        "usr": "s:Sb"
                      }
                    ],
                    "usr": "s:Sq"
                  }
                ],
                "declKind": "Accessor",
                "usr": "s:24image_gallery_saver_plus15SaveResultModelV9isSuccessSbSgvg",
                "mangledName": "$s24image_gallery_saver_plus15SaveResultModelV9isSuccessSbSgvg",
                "moduleName": "image_gallery_saver_plus",
                "implicit": true,
                "accessorKind": "get"
              },
              {
                "kind": "Accessor",
                "name": "Set",
                "printedName": "Set()",
                "children": [
                  {
                    "kind": "TypeNominal",
                    "name": "Void",
                    "printedName": "()"
                  },
                  {
                    "kind": "TypeNominal",
                    "name": "ImplicitlyUnwrappedOptional",
                    "printedName": "Swift.Bool?",
                    "children": [
                      {
                        "kind": "TypeNominal",
                        "name": "Bool",
                        "printedName": "Swift.Bool",
                        "usr": "s:Sb"
                      }
                    ],
                    "usr": "s:Sq"
                  }
                ],
                "declKind": "Accessor",
                "usr": "s:24image_gallery_saver_plus15SaveResultModelV9isSuccessSbSgvs",
                "mangledName": "$s24image_gallery_saver_plus15SaveResultModelV9isSuccessSbSgvs",
                "moduleName": "image_gallery_saver_plus",
                "implicit": true,
                "accessorKind": "set"
              },
              {
                "kind": "Accessor",
                "name": "Modify",
                "printedName": "Modify()",
                "children": [
                  {
                    "kind": "TypeNominal",
                    "name": "Void",
                    "printedName": "()"
                  }
                ],
                "declKind": "Accessor",
                "usr": "s:24image_gallery_saver_plus15SaveResultModelV9isSuccessSbSgvM",
                "mangledName": "$s24image_gallery_saver_plus15SaveResultModelV9isSuccessSbSgvM",
                "moduleName": "image_gallery_saver_plus",
                "implicit": true,
                "accessorKind": "_modify"
              }
            ]
          },
          {
            "kind": "Var",
            "name": "filePath",
            "printedName": "filePath",
            "children": [
              {
                "kind": "TypeNominal",
                "name": "Optional",
                "printedName": "Swift.String?",
                "children": [
                  {
                    "kind": "TypeNominal",
                    "name": "String",
                    "printedName": "Swift.String",
                    "usr": "s:SS"
                  }
                ],
                "usr": "s:Sq"
              }
            ],
            "declKind": "Var",
            "usr": "s:24image_gallery_saver_plus15SaveResultModelV8filePathSSSgvp",
            "mangledName": "$s24image_gallery_saver_plus15SaveResultModelV8filePathSSSgvp",
            "moduleName": "image_gallery_saver_plus",
            "declAttributes": [
              "HasInitialValue",
              "HasStorage"
            ],
            "hasStorage": true,
            "accessors": [
              {
                "kind": "Accessor",
                "name": "Get",
                "printedName": "Get()",
                "children": [
                  {
                    "kind": "TypeNominal",
                    "name": "Optional",
                    "printedName": "Swift.String?",
                    "children": [
                      {
                        "kind": "TypeNominal",
                        "name": "String",
                        "printedName": "Swift.String",
                        "usr": "s:SS"
                      }
                    ],
                    "usr": "s:Sq"
                  }
                ],
                "declKind": "Accessor",
                "usr": "s:24image_gallery_saver_plus15SaveResultModelV8filePathSSSgvg",
                "mangledName": "$s24image_gallery_saver_plus15SaveResultModelV8filePathSSSgvg",
                "moduleName": "image_gallery_saver_plus",
                "implicit": true,
                "accessorKind": "get"
              },
              {
                "kind": "Accessor",
                "name": "Set",
                "printedName": "Set()",
                "children": [
                  {
                    "kind": "TypeNominal",
                    "name": "Void",
                    "printedName": "()"
                  },
                  {
                    "kind": "TypeNominal",
                    "name": "Optional",
                    "printedName": "Swift.String?",
                    "children": [
                      {
                        "kind": "TypeNominal",
                        "name": "String",
                        "printedName": "Swift.String",
                        "usr": "s:SS"
                      }
                    ],
                    "usr": "s:Sq"
                  }
                ],
                "declKind": "Accessor",
                "usr": "s:24image_gallery_saver_plus15SaveResultModelV8filePathSSSgvs",
                "mangledName": "$s24image_gallery_saver_plus15SaveResultModelV8filePathSSSgvs",
                "moduleName": "image_gallery_saver_plus",
                "implicit": true,
                "accessorKind": "set"
              },
              {
                "kind": "Accessor",
                "name": "Modify",
                "printedName": "Modify()",
                "children": [
                  {
                    "kind": "TypeNominal",
                    "name": "Void",
                    "printedName": "()"
                  }
                ],
                "declKind": "Accessor",
                "usr": "s:24image_gallery_saver_plus15SaveResultModelV8filePathSSSgvM",
                "mangledName": "$s24image_gallery_saver_plus15SaveResultModelV8filePathSSSgvM",
                "moduleName": "image_gallery_saver_plus",
                "implicit": true,
                "accessorKind": "_modify"
              }
            ]
          },
          {
            "kind": "Var",
            "name": "errorMessage",
            "printedName": "errorMessage",
            "children": [
              {
                "kind": "TypeNominal",
                "name": "Optional",
                "printedName": "Swift.String?",
                "children": [
                  {
                    "kind": "TypeNominal",
                    "name": "String",
                    "printedName": "Swift.String",
                    "usr": "s:SS"
                  }
                ],
                "usr": "s:Sq"
              }
            ],
            "declKind": "Var",
            "usr": "s:24image_gallery_saver_plus15SaveResultModelV12errorMessageSSSgvp",
            "mangledName": "$s24image_gallery_saver_plus15SaveResultModelV12errorMessageSSSgvp",
            "moduleName": "image_gallery_saver_plus",
            "declAttributes": [
              "HasInitialValue",
              "HasStorage"
            ],
            "hasStorage": true,
            "accessors": [
              {
                "kind": "Accessor",
                "name": "Get",
                "printedName": "Get()",
                "children": [
                  {
                    "kind": "TypeNominal",
                    "name": "Optional",
                    "printedName": "Swift.String?",
                    "children": [
                      {
                        "kind": "TypeNominal",
                        "name": "String",
                        "printedName": "Swift.String",
                        "usr": "s:SS"
                      }
                    ],
                    "usr": "s:Sq"
                  }
                ],
                "declKind": "Accessor",
                "usr": "s:24image_gallery_saver_plus15SaveResultModelV12errorMessageSSSgvg",
                "mangledName": "$s24image_gallery_saver_plus15SaveResultModelV12errorMessageSSSgvg",
                "moduleName": "image_gallery_saver_plus",
                "implicit": true,
                "accessorKind": "get"
              },
              {
                "kind": "Accessor",
                "name": "Set",
                "printedName": "Set()",
                "children": [
                  {
                    "kind": "TypeNominal",
                    "name": "Void",
                    "printedName": "()"
                  },
                  {
                    "kind": "TypeNominal",
                    "name": "Optional",
                    "printedName": "Swift.String?",
                    "children": [
                      {
                        "kind": "TypeNominal",
                        "name": "String",
                        "printedName": "Swift.String",
                        "usr": "s:SS"
                      }
                    ],
                    "usr": "s:Sq"
                  }
                ],
                "declKind": "Accessor",
                "usr": "s:24image_gallery_saver_plus15SaveResultModelV12errorMessageSSSgvs",
                "mangledName": "$s24image_gallery_saver_plus15SaveResultModelV12errorMessageSSSgvs",
                "moduleName": "image_gallery_saver_plus",
                "implicit": true,
                "accessorKind": "set"
              },
              {
                "kind": "Accessor",
                "name": "Modify",
                "printedName": "Modify()",
                "children": [
                  {
                    "kind": "TypeNominal",
                    "name": "Void",
                    "printedName": "()"
                  }
                ],
                "declKind": "Accessor",
                "usr": "s:24image_gallery_saver_plus15SaveResultModelV12errorMessageSSSgvM",
                "mangledName": "$s24image_gallery_saver_plus15SaveResultModelV12errorMessageSSSgvM",
                "moduleName": "image_gallery_saver_plus",
                "implicit": true,
                "accessorKind": "_modify"
              }
            ]
          },
          {
            "kind": "Function",
            "name": "toDic",
            "printedName": "toDic()",
            "children": [
              {
                "kind": "TypeNominal",
                "name": "Optional",
                "printedName": "[Swift.String : Any]?",
                "children": [
                  {
                    "kind": "TypeNominal",
                    "name": "Dictionary",
                    "printedName": "[Swift.String : Any]",
                    "children": [
                      {
                        "kind": "TypeNominal",
                        "name": "String",
                        "printedName": "Swift.String",
                        "usr": "s:SS"
                      },
                      {
                        "kind": "TypeNominal",
                        "name": "ProtocolComposition",
                        "printedName": "Any"
                      }
                    ],
                    "usr": "s:SD"
                  }
                ],
                "usr": "s:Sq"
              }
            ],
            "declKind": "Func",
            "usr": "s:24image_gallery_saver_plus15SaveResultModelV5toDicSDySSypGSgyF",
            "mangledName": "$s24image_gallery_saver_plus15SaveResultModelV5toDicSDySSypGSgyF",
            "moduleName": "image_gallery_saver_plus",
            "funcSelfKind": "NonMutating"
          },
          {
            "kind": "Constructor",
            "name": "init",
            "printedName": "init(isSuccess:filePath:errorMessage:)",
            "children": [
              {
                "kind": "TypeNominal",
                "name": "SaveResultModel",
                "printedName": "image_gallery_saver_plus.SaveResultModel",
                "usr": "s:24image_gallery_saver_plus15SaveResultModelV"
              },
              {
                "kind": "TypeNominal",
                "name": "Optional",
                "printedName": "Swift.Bool?",
                "children": [
                  {
                    "kind": "TypeNominal",
                    "name": "Bool",
                    "printedName": "Swift.Bool",
                    "usr": "s:Sb"
                  }
                ],
                "hasDefaultArg": true,
                "usr": "s:Sq"
              },
              {
                "kind": "TypeNominal",
                "name": "Optional",
                "printedName": "Swift.String?",
                "children": [
                  {
                    "kind": "TypeNominal",
                    "name": "String",
                    "printedName": "Swift.String",
                    "usr": "s:SS"
                  }
                ],
                "hasDefaultArg": true,
                "usr": "s:Sq"
              },
              {
                "kind": "TypeNominal",
                "name": "Optional",
                "printedName": "Swift.String?",
                "children": [
                  {
                    "kind": "TypeNominal",
                    "name": "String",
                    "printedName": "Swift.String",
                    "usr": "s:SS"
                  }
                ],
                "hasDefaultArg": true,
                "usr": "s:Sq"
              }
            ],
            "declKind": "Constructor",
            "usr": "s:24image_gallery_saver_plus15SaveResultModelV9isSuccess8filePath12errorMessageACSbSg_SSSgAHtcfc",
            "mangledName": "$s24image_gallery_saver_plus15SaveResultModelV9isSuccess8filePath12errorMessageACSbSg_SSSgAHtcfc",
            "moduleName": "image_gallery_saver_plus",
            "implicit": true,
            "init_kind": "Designated"
          },
          {
            "kind": "Constructor",
            "name": "init",
            "printedName": "init()",
            "children": [
              {
                "kind": "TypeNominal",
                "name": "SaveResultModel",
                "printedName": "image_gallery_saver_plus.SaveResultModel",
                "usr": "s:24image_gallery_saver_plus15SaveResultModelV"
              }
            ],
            "declKind": "Constructor",
            "usr": "s:24image_gallery_saver_plus15SaveResultModelVACycfc",
            "mangledName": "$s24image_gallery_saver_plus15SaveResultModelVACycfc",
            "moduleName": "image_gallery_saver_plus",
            "implicit": true,
            "init_kind": "Designated"
          },
          {
            "kind": "Function",
            "name": "encode",
            "printedName": "encode(to:)",
            "children": [
              {
                "kind": "TypeNominal",
                "name": "Void",
                "printedName": "()"
              },
              {
                "kind": "TypeNominal",
                "name": "Encoder",
                "printedName": "any Swift.Encoder",
                "usr": "s:s7EncoderP"
              }
            ],
            "declKind": "Func",
            "usr": "s:24image_gallery_saver_plus15SaveResultModelV6encode2toys7Encoder_p_tKF",
            "mangledName": "$s24image_gallery_saver_plus15SaveResultModelV6encode2toys7Encoder_p_tKF",
            "moduleName": "image_gallery_saver_plus",
            "implicit": true,
            "throwing": true,
            "funcSelfKind": "NonMutating"
          }
        ],
        "declKind": "Struct",
        "usr": "s:24image_gallery_saver_plus15SaveResultModelV",
        "mangledName": "$s24image_gallery_saver_plus15SaveResultModelV",
        "moduleName": "image_gallery_saver_plus",
        "declAttributes": [
          "AccessControl"
        ],
        "conformances": [
          {
            "kind": "Conformance",
            "name": "Copyable",
            "printedName": "Copyable",
            "usr": "s:s8CopyableP",
            "mangledName": "$ss8CopyableP"
          },
          {
            "kind": "Conformance",
            "name": "Escapable",
            "printedName": "Escapable",
            "usr": "s:s9EscapableP",
            "mangledName": "$ss9EscapableP"
          },
          {
            "kind": "Conformance",
            "name": "Encodable",
            "printedName": "Encodable",
            "usr": "s:SE",
            "mangledName": "$sSE"
          }
        ]
      }
    ],
    "json_format_version": 8
  },
  "ConstValues": [
    {
      "filePath": "\/Users\/amitsoni\/.pub-cache\/hosted\/pub.dev\/image_gallery_saver_plus-4.0.0\/ios\/Classes\/ImageGallerySaverPlusPlugin.swift",
      "kind": "StringLiteral",
      "offset": 137,
      "length": 64,
      "value": "\"Failed to save, please check whether the permission is enabled\""
    }
  ]
}