{"assets/icons/calendar.svg":["assets/icons/calendar.svg"],"assets/icons/location.svg":["assets/icons/location.svg"],"assets/icons/person.svg":["assets/icons/person.svg"],"assets/icons/send.svg":["assets/icons/send.svg"],"assets/icons/time.svg":["assets/icons/time.svg"],"assets/icons_sprite.svg":["assets/icons_sprite.svg"],"assets/logo.svg":["assets/logo.svg"],"packages/cupertino_icons/assets/CupertinoIcons.ttf":["packages/cupertino_icons/assets/CupertinoIcons.ttf"],"packages/media_kit/assets/web/hls1.4.10.js":["packages/media_kit/assets/web/hls1.4.10.js"],"packages/stream_chat_flutter/animations/typing_dots.json":["packages/stream_chat_flutter/animations/typing_dots.json"],"packages/stream_chat_flutter/images/giphy_icon.png":["packages/stream_chat_flutter/images/giphy_icon.png"],"packages/stream_chat_flutter/images/placeholder.png":["packages/stream_chat_flutter/images/placeholder.png"],"packages/stream_chat_flutter/lib/svgs/Empty State_Camera.svg":["packages/stream_chat_flutter/lib/svgs/Empty State_Camera.svg"],"packages/stream_chat_flutter/lib/svgs/Empty State_Files.svg":["packages/stream_chat_flutter/lib/svgs/Empty State_Files.svg"],"packages/stream_chat_flutter/lib/svgs/Empty State_No channel.svg":["packages/stream_chat_flutter/lib/svgs/Empty State_No channel.svg"],"packages/stream_chat_flutter/lib/svgs/Empty State_Search.svg":["packages/stream_chat_flutter/lib/svgs/Empty State_Search.svg"],"packages/stream_chat_flutter/lib/svgs/Empty State_picture.svg":["packages/stream_chat_flutter/lib/svgs/Empty State_picture.svg"],"packages/stream_chat_flutter/lib/svgs/Giphy icon.svg":["packages/stream_chat_flutter/lib/svgs/Giphy icon.svg"],"packages/stream_chat_flutter/lib/svgs/Icon_LOL_reaction.svg":["packages/stream_chat_flutter/lib/svgs/Icon_LOL_reaction.svg"],"packages/stream_chat_flutter/lib/svgs/Icon_Thread_Reply.svg":["packages/stream_chat_flutter/lib/svgs/Icon_Thread_Reply.svg"],"packages/stream_chat_flutter/lib/svgs/Icon_User_add.svg":["packages/stream_chat_flutter/lib/svgs/Icon_User_add.svg"],"packages/stream_chat_flutter/lib/svgs/Icon_User_deselect.svg":["packages/stream_chat_flutter/lib/svgs/Icon_User_deselect.svg"],"packages/stream_chat_flutter/lib/svgs/Icon_arrow_right.svg":["packages/stream_chat_flutter/lib/svgs/Icon_arrow_right.svg"],"packages/stream_chat_flutter/lib/svgs/Icon_attach.svg":["packages/stream_chat_flutter/lib/svgs/Icon_attach.svg"],"packages/stream_chat_flutter/lib/svgs/Icon_camera.svg":["packages/stream_chat_flutter/lib/svgs/Icon_camera.svg"],"packages/stream_chat_flutter/lib/svgs/Icon_check.svg":["packages/stream_chat_flutter/lib/svgs/Icon_check.svg"],"packages/stream_chat_flutter/lib/svgs/Icon_check_all.svg":["packages/stream_chat_flutter/lib/svgs/Icon_check_all.svg"],"packages/stream_chat_flutter/lib/svgs/Icon_check_big.svg":["packages/stream_chat_flutter/lib/svgs/Icon_check_big.svg"],"packages/stream_chat_flutter/lib/svgs/Icon_check_send.svg":["packages/stream_chat_flutter/lib/svgs/Icon_check_send.svg"],"packages/stream_chat_flutter/lib/svgs/Icon_circle_right.svg":["packages/stream_chat_flutter/lib/svgs/Icon_circle_right.svg"],"packages/stream_chat_flutter/lib/svgs/Icon_circle_up.svg":["packages/stream_chat_flutter/lib/svgs/Icon_circle_up.svg"],"packages/stream_chat_flutter/lib/svgs/Icon_close.svg":["packages/stream_chat_flutter/lib/svgs/Icon_close.svg"],"packages/stream_chat_flutter/lib/svgs/Icon_close_black.svg":["packages/stream_chat_flutter/lib/svgs/Icon_close_black.svg"],"packages/stream_chat_flutter/lib/svgs/Icon_close_sml.svg":["packages/stream_chat_flutter/lib/svgs/Icon_close_sml.svg"],"packages/stream_chat_flutter/lib/svgs/Icon_cloud_download.svg":["packages/stream_chat_flutter/lib/svgs/Icon_cloud_download.svg"],"packages/stream_chat_flutter/lib/svgs/Icon_contacts.svg":["packages/stream_chat_flutter/lib/svgs/Icon_contacts.svg"],"packages/stream_chat_flutter/lib/svgs/Icon_copy.svg":["packages/stream_chat_flutter/lib/svgs/Icon_copy.svg"],"packages/stream_chat_flutter/lib/svgs/Icon_curve_line_left_up.svg":["packages/stream_chat_flutter/lib/svgs/Icon_curve_line_left_up.svg"],"packages/stream_chat_flutter/lib/svgs/Icon_curve_line_left_up_big.svg":["packages/stream_chat_flutter/lib/svgs/Icon_curve_line_left_up_big.svg"],"packages/stream_chat_flutter/lib/svgs/Icon_delete.svg":["packages/stream_chat_flutter/lib/svgs/Icon_delete.svg"],"packages/stream_chat_flutter/lib/svgs/Icon_down.svg":["packages/stream_chat_flutter/lib/svgs/Icon_down.svg"],"packages/stream_chat_flutter/lib/svgs/Icon_download.svg":["packages/stream_chat_flutter/lib/svgs/Icon_download.svg"],"packages/stream_chat_flutter/lib/svgs/Icon_edit.svg":["packages/stream_chat_flutter/lib/svgs/Icon_edit.svg"],"packages/stream_chat_flutter/lib/svgs/Icon_empty_circle_left.svg":["packages/stream_chat_flutter/lib/svgs/Icon_empty_circle_left.svg"],"packages/stream_chat_flutter/lib/svgs/Icon_error.svg":["packages/stream_chat_flutter/lib/svgs/Icon_error.svg"],"packages/stream_chat_flutter/lib/svgs/Icon_eye-off.svg":["packages/stream_chat_flutter/lib/svgs/Icon_eye-off.svg"],"packages/stream_chat_flutter/lib/svgs/Icon_grid.svg":["packages/stream_chat_flutter/lib/svgs/Icon_grid.svg"],"packages/stream_chat_flutter/lib/svgs/Icon_group.svg":["packages/stream_chat_flutter/lib/svgs/Icon_group.svg"],"packages/stream_chat_flutter/lib/svgs/Icon_left.svg":["packages/stream_chat_flutter/lib/svgs/Icon_left.svg"],"packages/stream_chat_flutter/lib/svgs/Icon_lightning-command runner.svg":["packages/stream_chat_flutter/lib/svgs/Icon_lightning-command runner.svg"],"packages/stream_chat_flutter/lib/svgs/Icon_love_reaction.svg":["packages/stream_chat_flutter/lib/svgs/Icon_love_reaction.svg"],"packages/stream_chat_flutter/lib/svgs/Icon_menu_point_v.svg":["packages/stream_chat_flutter/lib/svgs/Icon_menu_point_v.svg"],"packages/stream_chat_flutter/lib/svgs/Icon_message.svg":["packages/stream_chat_flutter/lib/svgs/Icon_message.svg"],"packages/stream_chat_flutter/lib/svgs/Icon_message_unread.svg":["packages/stream_chat_flutter/lib/svgs/Icon_message_unread.svg"],"packages/stream_chat_flutter/lib/svgs/Icon_mute.svg":["packages/stream_chat_flutter/lib/svgs/Icon_mute.svg"],"packages/stream_chat_flutter/lib/svgs/Icon_notification.svg":["packages/stream_chat_flutter/lib/svgs/Icon_notification.svg"],"packages/stream_chat_flutter/lib/svgs/Icon_pen-write.svg":["packages/stream_chat_flutter/lib/svgs/Icon_pen-write.svg"],"packages/stream_chat_flutter/lib/svgs/Icon_record.svg":["packages/stream_chat_flutter/lib/svgs/Icon_record.svg"],"packages/stream_chat_flutter/lib/svgs/Icon_right.svg":["packages/stream_chat_flutter/lib/svgs/Icon_right.svg"],"packages/stream_chat_flutter/lib/svgs/Icon_save.svg":["packages/stream_chat_flutter/lib/svgs/Icon_save.svg"],"packages/stream_chat_flutter/lib/svgs/Icon_search.svg":["packages/stream_chat_flutter/lib/svgs/Icon_search.svg"],"packages/stream_chat_flutter/lib/svgs/Icon_send_message.svg":["packages/stream_chat_flutter/lib/svgs/Icon_send_message.svg"],"packages/stream_chat_flutter/lib/svgs/Icon_smile.svg":["packages/stream_chat_flutter/lib/svgs/Icon_smile.svg"],"packages/stream_chat_flutter/lib/svgs/Icon_thumbs_down_reaction.svg":["packages/stream_chat_flutter/lib/svgs/Icon_thumbs_down_reaction.svg"],"packages/stream_chat_flutter/lib/svgs/Icon_thumbs_up_reaction.svg":["packages/stream_chat_flutter/lib/svgs/Icon_thumbs_up_reaction.svg"],"packages/stream_chat_flutter/lib/svgs/Icon_time.svg":["packages/stream_chat_flutter/lib/svgs/Icon_time.svg"],"packages/stream_chat_flutter/lib/svgs/Icon_up.svg":["packages/stream_chat_flutter/lib/svgs/Icon_up.svg"],"packages/stream_chat_flutter/lib/svgs/Icon_user.svg":["packages/stream_chat_flutter/lib/svgs/Icon_user.svg"],"packages/stream_chat_flutter/lib/svgs/Icon_user_delete.svg":["packages/stream_chat_flutter/lib/svgs/Icon_user_delete.svg"],"packages/stream_chat_flutter/lib/svgs/Icon_user_settings.svg":["packages/stream_chat_flutter/lib/svgs/Icon_user_settings.svg"],"packages/stream_chat_flutter/lib/svgs/Icon_wut_reaction.svg":["packages/stream_chat_flutter/lib/svgs/Icon_wut_reaction.svg"],"packages/stream_chat_flutter/lib/svgs/STREAM MARK 1.svg":["packages/stream_chat_flutter/lib/svgs/STREAM MARK 1.svg"],"packages/stream_chat_flutter/lib/svgs/UI_Reverse Pagination Loading.svg":["packages/stream_chat_flutter/lib/svgs/UI_Reverse Pagination Loading.svg"],"packages/stream_chat_flutter/lib/svgs/eye-line_big.svg":["packages/stream_chat_flutter/lib/svgs/eye-line_big.svg"],"packages/stream_chat_flutter/lib/svgs/files.svg":["packages/stream_chat_flutter/lib/svgs/files.svg"],"packages/stream_chat_flutter/lib/svgs/filetype_7z.svg":["packages/stream_chat_flutter/lib/svgs/filetype_7z.svg"],"packages/stream_chat_flutter/lib/svgs/filetype_AAC.svg":["packages/stream_chat_flutter/lib/svgs/filetype_AAC.svg"],"packages/stream_chat_flutter/lib/svgs/filetype_CSV.svg":["packages/stream_chat_flutter/lib/svgs/filetype_CSV.svg"],"packages/stream_chat_flutter/lib/svgs/filetype_DOC.svg":["packages/stream_chat_flutter/lib/svgs/filetype_DOC.svg"],"packages/stream_chat_flutter/lib/svgs/filetype_DOCX.svg":["packages/stream_chat_flutter/lib/svgs/filetype_DOCX.svg"],"packages/stream_chat_flutter/lib/svgs/filetype_Generic.svg":["packages/stream_chat_flutter/lib/svgs/filetype_Generic.svg"],"packages/stream_chat_flutter/lib/svgs/filetype_MD.svg":["packages/stream_chat_flutter/lib/svgs/filetype_MD.svg"],"packages/stream_chat_flutter/lib/svgs/filetype_ODT.svg":["packages/stream_chat_flutter/lib/svgs/filetype_ODT.svg"],"packages/stream_chat_flutter/lib/svgs/filetype_PDF.svg":["packages/stream_chat_flutter/lib/svgs/filetype_PDF.svg"],"packages/stream_chat_flutter/lib/svgs/filetype_PPT.svg":["packages/stream_chat_flutter/lib/svgs/filetype_PPT.svg"],"packages/stream_chat_flutter/lib/svgs/filetype_PPTX-1.svg":["packages/stream_chat_flutter/lib/svgs/filetype_PPTX-1.svg"],"packages/stream_chat_flutter/lib/svgs/filetype_PPTX.svg":["packages/stream_chat_flutter/lib/svgs/filetype_PPTX.svg"],"packages/stream_chat_flutter/lib/svgs/filetype_RAR.svg":["packages/stream_chat_flutter/lib/svgs/filetype_RAR.svg"],"packages/stream_chat_flutter/lib/svgs/filetype_RTF.svg":["packages/stream_chat_flutter/lib/svgs/filetype_RTF.svg"],"packages/stream_chat_flutter/lib/svgs/filetype_TAR.svg":["packages/stream_chat_flutter/lib/svgs/filetype_TAR.svg"],"packages/stream_chat_flutter/lib/svgs/filetype_TXT.svg":["packages/stream_chat_flutter/lib/svgs/filetype_TXT.svg"],"packages/stream_chat_flutter/lib/svgs/filetype_XLS.svg":["packages/stream_chat_flutter/lib/svgs/filetype_XLS.svg"],"packages/stream_chat_flutter/lib/svgs/filetype_XLSX.svg":["packages/stream_chat_flutter/lib/svgs/filetype_XLSX.svg"],"packages/stream_chat_flutter/lib/svgs/filetype_ZIP.svg":["packages/stream_chat_flutter/lib/svgs/filetype_ZIP.svg"],"packages/stream_chat_flutter/lib/svgs/filetype_html.svg":["packages/stream_chat_flutter/lib/svgs/filetype_html.svg"],"packages/stream_chat_flutter/lib/svgs/flag.svg":["packages/stream_chat_flutter/lib/svgs/flag.svg"],"packages/stream_chat_flutter/lib/svgs/giphy icon blue.svg":["packages/stream_chat_flutter/lib/svgs/giphy icon blue.svg"],"packages/stream_chat_flutter/lib/svgs/giphy_icon.svg":["packages/stream_chat_flutter/lib/svgs/giphy_icon.svg"],"packages/stream_chat_flutter/lib/svgs/icon_SHARE.svg":["packages/stream_chat_flutter/lib/svgs/icon_SHARE.svg"],"packages/stream_chat_flutter/lib/svgs/icon_delete_grey.svg":["packages/stream_chat_flutter/lib/svgs/icon_delete_grey.svg"],"packages/stream_chat_flutter/lib/svgs/icon_flag.svg":["packages/stream_chat_flutter/lib/svgs/icon_flag.svg"],"packages/stream_chat_flutter/lib/svgs/icon_mentions.svg":["packages/stream_chat_flutter/lib/svgs/icon_mentions.svg"],"packages/stream_chat_flutter/lib/svgs/icon_moon.svg":["packages/stream_chat_flutter/lib/svgs/icon_moon.svg"],"packages/stream_chat_flutter/lib/svgs/icon_pin.svg":["packages/stream_chat_flutter/lib/svgs/icon_pin.svg"],"packages/stream_chat_flutter/lib/svgs/icon_retry.svg":["packages/stream_chat_flutter/lib/svgs/icon_retry.svg"],"packages/stream_chat_flutter/lib/svgs/imgur.svg":["packages/stream_chat_flutter/lib/svgs/imgur.svg"],"packages/stream_chat_flutter/lib/svgs/mentions.svg":["packages/stream_chat_flutter/lib/svgs/mentions.svg"],"packages/stream_chat_flutter/lib/svgs/pictures.svg":["packages/stream_chat_flutter/lib/svgs/pictures.svg"],"packages/stream_chat_flutter/lib/svgs/settings.svg":["packages/stream_chat_flutter/lib/svgs/settings.svg"],"packages/stream_chat_flutter/lib/svgs/share_arrow.svg":["packages/stream_chat_flutter/lib/svgs/share_arrow.svg"],"packages/stream_chat_flutter/lib/svgs/video_call_icon.svg":["packages/stream_chat_flutter/lib/svgs/video_call_icon.svg"],"packages/stream_chat_flutter/lib/svgs/volume-up.svg":["packages/stream_chat_flutter/lib/svgs/volume-up.svg"],"packages/stream_chat_flutter/svgs/giphy_icon.svg":["packages/stream_chat_flutter/svgs/giphy_icon.svg"],"packages/stream_chat_flutter/svgs/icon_camera.svg":["packages/stream_chat_flutter/svgs/icon_camera.svg"],"packages/stream_chat_flutter/svgs/icon_pen_write.svg":["packages/stream_chat_flutter/svgs/icon_pen_write.svg"],"packages/stream_chat_flutter/svgs/icon_picture_empty_state.svg":["packages/stream_chat_flutter/svgs/icon_picture_empty_state.svg"],"packages/stream_chat_flutter/svgs/video_call_icon.svg":["packages/stream_chat_flutter/svgs/video_call_icon.svg"],"packages/wakelock_plus/assets/no_sleep.js":["packages/wakelock_plus/assets/no_sleep.js"]}