{
  "ABIRoot": {
    "kind": "Root",
    "name": "flutter_secure_storage",
    "printedName": "flutter_secure_storage",
    "children": [
      {
        "kind": "Import",
        "name": "Foundation",
        "printedName": "Foundation",
        "declKind": "Import",
        "moduleName": "flutter_secure_storage",
        "declAttributes": [
          "RawDocComment"
        ]
      },
      {
        "kind": "Import",
        "name": "Flutter",
        "printedName": "Flutter",
        "declKind": "Import",
        "moduleName": "flutter_secure_storage",
        "declAttributes": [
          "RawDocComment"
        ]
      },
      {
        "kind": "Import",
        "name": "UIKit",
        "printedName": "UIKit",
        "declKind": "Import",
        "moduleName": "flutter_secure_storage"
      },
      {
        "kind": "TypeDecl",
        "name": "SwiftFlutterSecureStoragePlugin",
        "printedName": "SwiftFlutterSecureStoragePlugin",
        "children": [
          {
            "kind": "Function",
            "name": "register",
            "printedName": "register(with:)",
            "children": [
              {
                "kind": "TypeNominal",
                "name": "Void",
                "printedName": "()"
              },
              {
                "kind": "TypeNominal",
                "name": "FlutterPluginRegistrar",
                "printedName": "any Flutter.FlutterPluginRegistrar",
                "usr": "c:objc(pl)FlutterPluginRegistrar"
              }
            ],
            "declKind": "Func",
            "usr": "c:@M@flutter_secure_storage@objc(cs)SwiftFlutterSecureStoragePlugin(cm)registerWithRegistrar:",
            "mangledName": "$s22flutter_secure_storage31SwiftFlutterSecureStoragePluginC8register4withySo0eH9Registrar_p_tFZ",
            "moduleName": "flutter_secure_storage",
            "static": true,
            "objc_name": "registerWithRegistrar:",
            "declAttributes": [
              "Final",
              "ObjC",
              "AccessControl"
            ],
            "funcSelfKind": "NonMutating"
          },
          {
            "kind": "Function",
            "name": "handle",
            "printedName": "handle(_:result:)",
            "children": [
              {
                "kind": "TypeNominal",
                "name": "Void",
                "printedName": "()"
              },
              {
                "kind": "TypeNominal",
                "name": "FlutterMethodCall",
                "printedName": "Flutter.FlutterMethodCall",
                "usr": "c:objc(cs)FlutterMethodCall"
              },
              {
                "kind": "TypeFunc",
                "name": "Function",
                "printedName": "(Any?) -> ()",
                "children": [
                  {
                    "kind": "TypeNominal",
                    "name": "Void",
                    "printedName": "()"
                  },
                  {
                    "kind": "TypeNominal",
                    "name": "Optional",
                    "printedName": "Any?",
                    "children": [
                      {
                        "kind": "TypeNominal",
                        "name": "ProtocolComposition",
                        "printedName": "Any"
                      }
                    ],
                    "usr": "s:Sq"
                  }
                ]
              }
            ],
            "declKind": "Func",
            "usr": "c:@M@flutter_secure_storage@objc(cs)SwiftFlutterSecureStoragePlugin(im)handleMethodCall:result:",
            "mangledName": "$s22flutter_secure_storage31SwiftFlutterSecureStoragePluginC6handle_6resultySo0E10MethodCallC_yypSgctF",
            "moduleName": "flutter_secure_storage",
            "objc_name": "handleMethodCall:result:",
            "declAttributes": [
              "ObjC",
              "AccessControl"
            ],
            "funcSelfKind": "NonMutating"
          },
          {
            "kind": "Function",
            "name": "applicationProtectedDataDidBecomeAvailable",
            "printedName": "applicationProtectedDataDidBecomeAvailable(_:)",
            "children": [
              {
                "kind": "TypeNominal",
                "name": "Void",
                "printedName": "()"
              },
              {
                "kind": "TypeNominal",
                "name": "UIApplication",
                "printedName": "UIKit.UIApplication",
                "usr": "c:objc(cs)UIApplication"
              }
            ],
            "declKind": "Func",
            "usr": "s:22flutter_secure_storage31SwiftFlutterSecureStoragePluginC42applicationProtectedDataDidBecomeAvailableyySo13UIApplicationCF",
            "mangledName": "$s22flutter_secure_storage31SwiftFlutterSecureStoragePluginC42applicationProtectedDataDidBecomeAvailableyySo13UIApplicationCF",
            "moduleName": "flutter_secure_storage",
            "declAttributes": [
              "AccessControl"
            ],
            "funcSelfKind": "NonMutating"
          },
          {
            "kind": "Function",
            "name": "applicationProtectedDataWillBecomeUnavailable",
            "printedName": "applicationProtectedDataWillBecomeUnavailable(_:)",
            "children": [
              {
                "kind": "TypeNominal",
                "name": "Void",
                "printedName": "()"
              },
              {
                "kind": "TypeNominal",
                "name": "UIApplication",
                "printedName": "UIKit.UIApplication",
                "usr": "c:objc(cs)UIApplication"
              }
            ],
            "declKind": "Func",
            "usr": "s:22flutter_secure_storage31SwiftFlutterSecureStoragePluginC45applicationProtectedDataWillBecomeUnavailableyySo13UIApplicationCF",
            "mangledName": "$s22flutter_secure_storage31SwiftFlutterSecureStoragePluginC45applicationProtectedDataWillBecomeUnavailableyySo13UIApplicationCF",
            "moduleName": "flutter_secure_storage",
            "declAttributes": [
              "AccessControl"
            ],
            "funcSelfKind": "NonMutating"
          },
          {
            "kind": "Function",
            "name": "onListen",
            "printedName": "onListen(withArguments:eventSink:)",
            "children": [
              {
                "kind": "TypeNominal",
                "name": "Optional",
                "printedName": "Flutter.FlutterError?",
                "children": [
                  {
                    "kind": "TypeNominal",
                    "name": "FlutterError",
                    "printedName": "Flutter.FlutterError",
                    "usr": "c:objc(cs)FlutterError"
                  }
                ],
                "usr": "s:Sq"
              },
              {
                "kind": "TypeNominal",
                "name": "Optional",
                "printedName": "Any?",
                "children": [
                  {
                    "kind": "TypeNominal",
                    "name": "ProtocolComposition",
                    "printedName": "Any"
                  }
                ],
                "usr": "s:Sq"
              },
              {
                "kind": "TypeFunc",
                "name": "Function",
                "printedName": "(Any?) -> ()",
                "children": [
                  {
                    "kind": "TypeNominal",
                    "name": "Void",
                    "printedName": "()"
                  },
                  {
                    "kind": "TypeNominal",
                    "name": "Optional",
                    "printedName": "Any?",
                    "children": [
                      {
                        "kind": "TypeNominal",
                        "name": "ProtocolComposition",
                        "printedName": "Any"
                      }
                    ],
                    "usr": "s:Sq"
                  }
                ]
              }
            ],
            "declKind": "Func",
            "usr": "c:@M@flutter_secure_storage@objc(cs)SwiftFlutterSecureStoragePlugin(im)onListenWithArguments:eventSink:",
            "mangledName": "$s22flutter_secure_storage31SwiftFlutterSecureStoragePluginC8onListen13withArguments9eventSinkSo0E5ErrorCSgypSg_yAJctF",
            "moduleName": "flutter_secure_storage",
            "objc_name": "onListenWithArguments:eventSink:",
            "declAttributes": [
              "ObjC",
              "AccessControl"
            ],
            "funcSelfKind": "NonMutating"
          },
          {
            "kind": "Function",
            "name": "onCancel",
            "printedName": "onCancel(withArguments:)",
            "children": [
              {
                "kind": "TypeNominal",
                "name": "Optional",
                "printedName": "Flutter.FlutterError?",
                "children": [
                  {
                    "kind": "TypeNominal",
                    "name": "FlutterError",
                    "printedName": "Flutter.FlutterError",
                    "usr": "c:objc(cs)FlutterError"
                  }
                ],
                "usr": "s:Sq"
              },
              {
                "kind": "TypeNominal",
                "name": "Optional",
                "printedName": "Any?",
                "children": [
                  {
                    "kind": "TypeNominal",
                    "name": "ProtocolComposition",
                    "printedName": "Any"
                  }
                ],
                "usr": "s:Sq"
              }
            ],
            "declKind": "Func",
            "usr": "c:@M@flutter_secure_storage@objc(cs)SwiftFlutterSecureStoragePlugin(im)onCancelWithArguments:",
            "mangledName": "$s22flutter_secure_storage31SwiftFlutterSecureStoragePluginC8onCancel13withArgumentsSo0E5ErrorCSgypSg_tF",
            "moduleName": "flutter_secure_storage",
            "objc_name": "onCancelWithArguments:",
            "declAttributes": [
              "ObjC",
              "AccessControl"
            ],
            "funcSelfKind": "NonMutating"
          },
          {
            "kind": "Constructor",
            "name": "init",
            "printedName": "init()",
            "children": [
              {
                "kind": "TypeNominal",
                "name": "SwiftFlutterSecureStoragePlugin",
                "printedName": "flutter_secure_storage.SwiftFlutterSecureStoragePlugin",
                "usr": "c:@M@flutter_secure_storage@objc(cs)SwiftFlutterSecureStoragePlugin"
              }
            ],
            "declKind": "Constructor",
            "usr": "c:@M@flutter_secure_storage@objc(cs)SwiftFlutterSecureStoragePlugin(im)init",
            "mangledName": "$s22flutter_secure_storage31SwiftFlutterSecureStoragePluginCACycfc",
            "moduleName": "flutter_secure_storage",
            "overriding": true,
            "implicit": true,
            "objc_name": "init",
            "declAttributes": [
              "Dynamic",
              "ObjC",
              "Override"
            ],
            "init_kind": "Designated"
          }
        ],
        "declKind": "Class",
        "usr": "c:@M@flutter_secure_storage@objc(cs)SwiftFlutterSecureStoragePlugin",
        "mangledName": "$s22flutter_secure_storage31SwiftFlutterSecureStoragePluginC",
        "moduleName": "flutter_secure_storage",
        "declAttributes": [
          "AccessControl",
          "ObjC"
        ],
        "superclassUsr": "c:objc(cs)NSObject",
        "inheritsConvenienceInitializers": true,
        "superclassNames": [
          "ObjectiveC.NSObject"
        ],
        "conformances": [
          {
            "kind": "Conformance",
            "name": "Copyable",
            "printedName": "Copyable",
            "usr": "s:s8CopyableP",
            "mangledName": "$ss8CopyableP"
          },
          {
            "kind": "Conformance",
            "name": "Escapable",
            "printedName": "Escapable",
            "usr": "s:s9EscapableP",
            "mangledName": "$ss9EscapableP"
          },
          {
            "kind": "Conformance",
            "name": "Equatable",
            "printedName": "Equatable",
            "usr": "s:SQ",
            "mangledName": "$sSQ"
          },
          {
            "kind": "Conformance",
            "name": "Hashable",
            "printedName": "Hashable",
            "usr": "s:SH",
            "mangledName": "$sSH"
          },
          {
            "kind": "Conformance",
            "name": "CVarArg",
            "printedName": "CVarArg",
            "usr": "s:s7CVarArgP",
            "mangledName": "$ss7CVarArgP"
          },
          {
            "kind": "Conformance",
            "name": "_KeyValueCodingAndObservingPublishing",
            "printedName": "_KeyValueCodingAndObservingPublishing",
            "usr": "s:10Foundation37_KeyValueCodingAndObservingPublishingP",
            "mangledName": "$s10Foundation37_KeyValueCodingAndObservingPublishingP"
          },
          {
            "kind": "Conformance",
            "name": "_KeyValueCodingAndObserving",
            "printedName": "_KeyValueCodingAndObserving",
            "usr": "s:10Foundation27_KeyValueCodingAndObservingP",
            "mangledName": "$s10Foundation27_KeyValueCodingAndObservingP"
          },
          {
            "kind": "Conformance",
            "name": "CustomStringConvertible",
            "printedName": "CustomStringConvertible",
            "usr": "s:s23CustomStringConvertibleP",
            "mangledName": "$ss23CustomStringConvertibleP"
          },
          {
            "kind": "Conformance",
            "name": "CustomDebugStringConvertible",
            "printedName": "CustomDebugStringConvertible",
            "usr": "s:s28CustomDebugStringConvertibleP",
            "mangledName": "$ss28CustomDebugStringConvertibleP"
          }
        ]
      }
    ],
    "json_format_version": 8
  },
  "ConstValues": []
}