{
  "ABIRoot": {
    "kind": "Root",
    "name": "volume_controller",
    "printedName": "volume_controller",
    "children": [
      {
        "kind": "Import",
        "name": "AVFoundation",
        "printedName": "AVFoundation",
        "declKind": "Import",
        "moduleName": "volume_controller"
      },
      {
        "kind": "Import",
        "name": "Foundation",
        "printedName": "Foundation",
        "declKind": "Import",
        "moduleName": "volume_controller"
      },
      {
        "kind": "Import",
        "name": "AVFoundation",
        "printedName": "AVFoundation",
        "declKind": "Import",
        "moduleName": "volume_controller"
      },
      {
        "kind": "Import",
        "name": "MediaPlayer",
        "printedName": "MediaPlayer",
        "declKind": "Import",
        "moduleName": "volume_controller"
      },
      {
        "kind": "Import",
        "name": "UIKit",
        "printedName": "UIKit",
        "declKind": "Import",
        "moduleName": "volume_controller"
      },
      {
        "kind": "TypeDecl",
        "name": "VolumeController",
        "printedName": "VolumeController",
        "children": [
          {
            "kind": "Function",
            "name": "getVolume",
            "printedName": "getVolume()",
            "children": [
              {
                "kind": "TypeNominal",
                "name": "Float",
                "printedName": "Swift.Float",
                "usr": "s:Sf"
              }
            ],
            "declKind": "Func",
            "usr": "s:17volume_controller16VolumeControllerC03getC0SfyF",
            "mangledName": "$s17volume_controller16VolumeControllerC03getC0SfyF",
            "moduleName": "volume_controller",
            "declAttributes": [
              "AccessControl"
            ],
            "funcSelfKind": "NonMutating"
          },
          {
            "kind": "Function",
            "name": "setVolume",
            "printedName": "setVolume(volume:showSystemUI:)",
            "children": [
              {
                "kind": "TypeNominal",
                "name": "Void",
                "printedName": "()"
              },
              {
                "kind": "TypeNominal",
                "name": "Float",
                "printedName": "Swift.Float",
                "usr": "s:Sf"
              },
              {
                "kind": "TypeNominal",
                "name": "Bool",
                "printedName": "Swift.Bool",
                "usr": "s:Sb"
              }
            ],
            "declKind": "Func",
            "usr": "s:17volume_controller16VolumeControllerC03setC00A012showSystemUIySf_SbtF",
            "mangledName": "$s17volume_controller16VolumeControllerC03setC00A012showSystemUIySf_SbtF",
            "moduleName": "volume_controller",
            "declAttributes": [
              "AccessControl"
            ],
            "funcSelfKind": "NonMutating"
          },
          {
            "kind": "Function",
            "name": "isMuted",
            "printedName": "isMuted()",
            "children": [
              {
                "kind": "TypeNominal",
                "name": "Bool",
                "printedName": "Swift.Bool",
                "usr": "s:Sb"
              }
            ],
            "declKind": "Func",
            "usr": "s:17volume_controller16VolumeControllerC7isMutedSbyF",
            "mangledName": "$s17volume_controller16VolumeControllerC7isMutedSbyF",
            "moduleName": "volume_controller",
            "declAttributes": [
              "AccessControl"
            ],
            "funcSelfKind": "NonMutating"
          },
          {
            "kind": "Function",
            "name": "setMute",
            "printedName": "setMute(isMute:showSystemUI:)",
            "children": [
              {
                "kind": "TypeNominal",
                "name": "Void",
                "printedName": "()"
              },
              {
                "kind": "TypeNominal",
                "name": "Bool",
                "printedName": "Swift.Bool",
                "usr": "s:Sb"
              },
              {
                "kind": "TypeNominal",
                "name": "Bool",
                "printedName": "Swift.Bool",
                "usr": "s:Sb"
              }
            ],
            "declKind": "Func",
            "usr": "s:17volume_controller16VolumeControllerC7setMute02isF012showSystemUIySb_SbtF",
            "mangledName": "$s17volume_controller16VolumeControllerC7setMute02isF012showSystemUIySb_SbtF",
            "moduleName": "volume_controller",
            "declAttributes": [
              "AccessControl"
            ],
            "funcSelfKind": "NonMutating"
          }
        ],
        "declKind": "Class",
        "usr": "s:17volume_controller16VolumeControllerC",
        "mangledName": "$s17volume_controller16VolumeControllerC",
        "moduleName": "volume_controller",
        "declAttributes": [
          "AccessControl"
        ],
        "hasMissingDesignatedInitializers": true,
        "conformances": [
          {
            "kind": "Conformance",
            "name": "Copyable",
            "printedName": "Copyable",
            "usr": "s:s8CopyableP",
            "mangledName": "$ss8CopyableP"
          },
          {
            "kind": "Conformance",
            "name": "Escapable",
            "printedName": "Escapable",
            "usr": "s:s9EscapableP",
            "mangledName": "$ss9EscapableP"
          }
        ]
      },
      {
        "kind": "Import",
        "name": "AVFoundation",
        "printedName": "AVFoundation",
        "declKind": "Import",
        "moduleName": "volume_controller"
      },
      {
        "kind": "Import",
        "name": "Flutter",
        "printedName": "Flutter",
        "declKind": "Import",
        "moduleName": "volume_controller"
      },
      {
        "kind": "Import",
        "name": "UIKit",
        "printedName": "UIKit",
        "declKind": "Import",
        "moduleName": "volume_controller"
      },
      {
        "kind": "TypeDecl",
        "name": "VolumeControllerPlugin",
        "printedName": "VolumeControllerPlugin",
        "children": [
          {
            "kind": "Function",
            "name": "register",
            "printedName": "register(with:)",
            "children": [
              {
                "kind": "TypeNominal",
                "name": "Void",
                "printedName": "()"
              },
              {
                "kind": "TypeNominal",
                "name": "FlutterPluginRegistrar",
                "printedName": "any Flutter.FlutterPluginRegistrar",
                "usr": "c:objc(pl)FlutterPluginRegistrar"
              }
            ],
            "declKind": "Func",
            "usr": "c:@M@volume_controller@objc(cs)VolumeControllerPlugin(cm)registerWithRegistrar:",
            "mangledName": "$s17volume_controller22VolumeControllerPluginC8register4withySo07FlutterE9Registrar_p_tFZ",
            "moduleName": "volume_controller",
            "static": true,
            "objc_name": "registerWithRegistrar:",
            "declAttributes": [
              "Final",
              "ObjC",
              "AccessControl"
            ],
            "funcSelfKind": "NonMutating"
          },
          {
            "kind": "Function",
            "name": "handle",
            "printedName": "handle(_:result:)",
            "children": [
              {
                "kind": "TypeNominal",
                "name": "Void",
                "printedName": "()"
              },
              {
                "kind": "TypeNominal",
                "name": "FlutterMethodCall",
                "printedName": "Flutter.FlutterMethodCall",
                "usr": "c:objc(cs)FlutterMethodCall"
              },
              {
                "kind": "TypeFunc",
                "name": "Function",
                "printedName": "(Any?) -> ()",
                "children": [
                  {
                    "kind": "TypeNominal",
                    "name": "Void",
                    "printedName": "()"
                  },
                  {
                    "kind": "TypeNominal",
                    "name": "Optional",
                    "printedName": "Any?",
                    "children": [
                      {
                        "kind": "TypeNominal",
                        "name": "ProtocolComposition",
                        "printedName": "Any"
                      }
                    ],
                    "usr": "s:Sq"
                  }
                ]
              }
            ],
            "declKind": "Func",
            "usr": "c:@M@volume_controller@objc(cs)VolumeControllerPlugin(im)handleMethodCall:result:",
            "mangledName": "$s17volume_controller22VolumeControllerPluginC6handle_6resultySo17FlutterMethodCallC_yypSgctF",
            "moduleName": "volume_controller",
            "objc_name": "handleMethodCall:result:",
            "declAttributes": [
              "ObjC",
              "AccessControl"
            ],
            "funcSelfKind": "NonMutating"
          },
          {
            "kind": "Constructor",
            "name": "init",
            "printedName": "init()",
            "children": [
              {
                "kind": "TypeNominal",
                "name": "VolumeControllerPlugin",
                "printedName": "volume_controller.VolumeControllerPlugin",
                "usr": "c:@M@volume_controller@objc(cs)VolumeControllerPlugin"
              }
            ],
            "declKind": "Constructor",
            "usr": "c:@M@volume_controller@objc(cs)VolumeControllerPlugin(im)init",
            "mangledName": "$s17volume_controller22VolumeControllerPluginCACycfc",
            "moduleName": "volume_controller",
            "overriding": true,
            "implicit": true,
            "objc_name": "init",
            "declAttributes": [
              "Dynamic",
              "ObjC",
              "Override"
            ],
            "init_kind": "Designated"
          },
          {
            "kind": "Function",
            "name": "applicationWillEnterForeground",
            "printedName": "applicationWillEnterForeground(_:)",
            "children": [
              {
                "kind": "TypeNominal",
                "name": "Void",
                "printedName": "()"
              },
              {
                "kind": "TypeNominal",
                "name": "UIApplication",
                "printedName": "UIKit.UIApplication",
                "usr": "c:objc(cs)UIApplication"
              }
            ],
            "declKind": "Func",
            "usr": "c:@CM@volume_controller@objc(cs)VolumeControllerPlugin(im)applicationWillEnterForeground:",
            "mangledName": "$s17volume_controller22VolumeControllerPluginC30applicationWillEnterForegroundyySo13UIApplicationCF",
            "moduleName": "volume_controller",
            "objc_name": "applicationWillEnterForeground:",
            "declAttributes": [
              "Dynamic",
              "ObjC",
              "AccessControl"
            ],
            "isFromExtension": true,
            "funcSelfKind": "NonMutating"
          }
        ],
        "declKind": "Class",
        "usr": "c:@M@volume_controller@objc(cs)VolumeControllerPlugin",
        "mangledName": "$s17volume_controller22VolumeControllerPluginC",
        "moduleName": "volume_controller",
        "declAttributes": [
          "AccessControl",
          "ObjC"
        ],
        "superclassUsr": "c:objc(cs)NSObject",
        "inheritsConvenienceInitializers": true,
        "superclassNames": [
          "ObjectiveC.NSObject"
        ],
        "conformances": [
          {
            "kind": "Conformance",
            "name": "Copyable",
            "printedName": "Copyable",
            "usr": "s:s8CopyableP",
            "mangledName": "$ss8CopyableP"
          },
          {
            "kind": "Conformance",
            "name": "Escapable",
            "printedName": "Escapable",
            "usr": "s:s9EscapableP",
            "mangledName": "$ss9EscapableP"
          },
          {
            "kind": "Conformance",
            "name": "Equatable",
            "printedName": "Equatable",
            "usr": "s:SQ",
            "mangledName": "$sSQ"
          },
          {
            "kind": "Conformance",
            "name": "Hashable",
            "printedName": "Hashable",
            "usr": "s:SH",
            "mangledName": "$sSH"
          },
          {
            "kind": "Conformance",
            "name": "CVarArg",
            "printedName": "CVarArg",
            "usr": "s:s7CVarArgP",
            "mangledName": "$ss7CVarArgP"
          },
          {
            "kind": "Conformance",
            "name": "_KeyValueCodingAndObservingPublishing",
            "printedName": "_KeyValueCodingAndObservingPublishing",
            "usr": "s:10Foundation37_KeyValueCodingAndObservingPublishingP",
            "mangledName": "$s10Foundation37_KeyValueCodingAndObservingPublishingP"
          },
          {
            "kind": "Conformance",
            "name": "_KeyValueCodingAndObserving",
            "printedName": "_KeyValueCodingAndObserving",
            "usr": "s:10Foundation27_KeyValueCodingAndObservingP",
            "mangledName": "$s10Foundation27_KeyValueCodingAndObservingP"
          },
          {
            "kind": "Conformance",
            "name": "CustomStringConvertible",
            "printedName": "CustomStringConvertible",
            "usr": "s:s23CustomStringConvertibleP",
            "mangledName": "$ss23CustomStringConvertibleP"
          },
          {
            "kind": "Conformance",
            "name": "CustomDebugStringConvertible",
            "printedName": "CustomDebugStringConvertible",
            "usr": "s:s28CustomDebugStringConvertibleP",
            "mangledName": "$ss28CustomDebugStringConvertibleP"
          }
        ]
      },
      {
        "kind": "Import",
        "name": "AVFoundation",
        "printedName": "AVFoundation",
        "declKind": "Import",
        "moduleName": "volume_controller"
      },
      {
        "kind": "Import",
        "name": "Flutter",
        "printedName": "Flutter",
        "declKind": "Import",
        "moduleName": "volume_controller"
      },
      {
        "kind": "Import",
        "name": "Foundation",
        "printedName": "Foundation",
        "declKind": "Import",
        "moduleName": "volume_controller"
      },
      {
        "kind": "Import",
        "name": "MediaPlayer",
        "printedName": "MediaPlayer",
        "declKind": "Import",
        "moduleName": "volume_controller"
      },
      {
        "kind": "Import",
        "name": "UIKit",
        "printedName": "UIKit",
        "declKind": "Import",
        "moduleName": "volume_controller"
      },
      {
        "kind": "TypeDecl",
        "name": "VolumeListener",
        "printedName": "VolumeListener",
        "children": [
          {
            "kind": "Var",
            "name": "isObservingVolume",
            "printedName": "isObservingVolume",
            "children": [
              {
                "kind": "TypeNominal",
                "name": "Bool",
                "printedName": "Swift.Bool",
                "usr": "s:Sb"
              }
            ],
            "declKind": "Var",
            "usr": "s:17volume_controller14VolumeListenerC011isObservingC0Sbvp",
            "mangledName": "$s17volume_controller14VolumeListenerC011isObservingC0Sbvp",
            "moduleName": "volume_controller",
            "declAttributes": [
              "AccessControl"
            ],
            "accessors": [
              {
                "kind": "Accessor",
                "name": "Get",
                "printedName": "Get()",
                "children": [
                  {
                    "kind": "TypeNominal",
                    "name": "Bool",
                    "printedName": "Swift.Bool",
                    "usr": "s:Sb"
                  }
                ],
                "declKind": "Accessor",
                "usr": "s:17volume_controller14VolumeListenerC011isObservingC0Sbvg",
                "mangledName": "$s17volume_controller14VolumeListenerC011isObservingC0Sbvg",
                "moduleName": "volume_controller",
                "accessorKind": "get"
              }
            ]
          },
          {
            "kind": "Function",
            "name": "onListen",
            "printedName": "onListen(withArguments:eventSink:)",
            "children": [
              {
                "kind": "TypeNominal",
                "name": "Optional",
                "printedName": "Flutter.FlutterError?",
                "children": [
                  {
                    "kind": "TypeNominal",
                    "name": "FlutterError",
                    "printedName": "Flutter.FlutterError",
                    "usr": "c:objc(cs)FlutterError"
                  }
                ],
                "usr": "s:Sq"
              },
              {
                "kind": "TypeNominal",
                "name": "Optional",
                "printedName": "Any?",
                "children": [
                  {
                    "kind": "TypeNominal",
                    "name": "ProtocolComposition",
                    "printedName": "Any"
                  }
                ],
                "usr": "s:Sq"
              },
              {
                "kind": "TypeFunc",
                "name": "Function",
                "printedName": "(Any?) -> ()",
                "children": [
                  {
                    "kind": "TypeNominal",
                    "name": "Void",
                    "printedName": "()"
                  },
                  {
                    "kind": "TypeNominal",
                    "name": "Optional",
                    "printedName": "Any?",
                    "children": [
                      {
                        "kind": "TypeNominal",
                        "name": "ProtocolComposition",
                        "printedName": "Any"
                      }
                    ],
                    "usr": "s:Sq"
                  }
                ]
              }
            ],
            "declKind": "Func",
            "usr": "c:@M@volume_controller@objc(cs)VolumeListener(im)onListenWithArguments:eventSink:",
            "mangledName": "$s17volume_controller14VolumeListenerC8onListen13withArguments9eventSinkSo12FlutterErrorCSgypSg_yAJctF",
            "moduleName": "volume_controller",
            "objc_name": "onListenWithArguments:eventSink:",
            "declAttributes": [
              "ObjC",
              "AccessControl"
            ],
            "funcSelfKind": "NonMutating"
          },
          {
            "kind": "Function",
            "name": "onCancel",
            "printedName": "onCancel(withArguments:)",
            "children": [
              {
                "kind": "TypeNominal",
                "name": "Optional",
                "printedName": "Flutter.FlutterError?",
                "children": [
                  {
                    "kind": "TypeNominal",
                    "name": "FlutterError",
                    "printedName": "Flutter.FlutterError",
                    "usr": "c:objc(cs)FlutterError"
                  }
                ],
                "usr": "s:Sq"
              },
              {
                "kind": "TypeNominal",
                "name": "Optional",
                "printedName": "Any?",
                "children": [
                  {
                    "kind": "TypeNominal",
                    "name": "ProtocolComposition",
                    "printedName": "Any"
                  }
                ],
                "usr": "s:Sq"
              }
            ],
            "declKind": "Func",
            "usr": "c:@M@volume_controller@objc(cs)VolumeListener(im)onCancelWithArguments:",
            "mangledName": "$s17volume_controller14VolumeListenerC8onCancel13withArgumentsSo12FlutterErrorCSgypSg_tF",
            "moduleName": "volume_controller",
            "objc_name": "onCancelWithArguments:",
            "declAttributes": [
              "ObjC",
              "AccessControl"
            ],
            "funcSelfKind": "NonMutating"
          },
          {
            "kind": "Function",
            "name": "observeValue",
            "printedName": "observeValue(forKeyPath:of:change:context:)",
            "children": [
              {
                "kind": "TypeNominal",
                "name": "Void",
                "printedName": "()"
              },
              {
                "kind": "TypeNominal",
                "name": "Optional",
                "printedName": "Swift.String?",
                "children": [
                  {
                    "kind": "TypeNominal",
                    "name": "String",
                    "printedName": "Swift.String",
                    "usr": "s:SS"
                  }
                ],
                "usr": "s:Sq"
              },
              {
                "kind": "TypeNominal",
                "name": "Optional",
                "printedName": "Any?",
                "children": [
                  {
                    "kind": "TypeNominal",
                    "name": "ProtocolComposition",
                    "printedName": "Any"
                  }
                ],
                "usr": "s:Sq"
              },
              {
                "kind": "TypeNominal",
                "name": "Optional",
                "printedName": "[Foundation.NSKeyValueChangeKey : Any]?",
                "children": [
                  {
                    "kind": "TypeNominal",
                    "name": "Dictionary",
                    "printedName": "[Foundation.NSKeyValueChangeKey : Any]",
                    "children": [
                      {
                        "kind": "TypeNominal",
                        "name": "NSKeyValueChangeKey",
                        "printedName": "Foundation.NSKeyValueChangeKey",
                        "usr": "c:@T@NSKeyValueChangeKey"
                      },
                      {
                        "kind": "TypeNominal",
                        "name": "ProtocolComposition",
                        "printedName": "Any"
                      }
                    ],
                    "usr": "s:SD"
                  }
                ],
                "usr": "s:Sq"
              },
              {
                "kind": "TypeNominal",
                "name": "Optional",
                "printedName": "Swift.UnsafeMutableRawPointer?",
                "children": [
                  {
                    "kind": "TypeNominal",
                    "name": "UnsafeMutableRawPointer",
                    "printedName": "Swift.UnsafeMutableRawPointer",
                    "usr": "s:Sv"
                  }
                ],
                "usr": "s:Sq"
              }
            ],
            "declKind": "Func",
            "usr": "c:@M@volume_controller@objc(cs)VolumeListener(im)observeValueForKeyPath:ofObject:change:context:",
            "mangledName": "$s17volume_controller14VolumeListenerC12observeValue10forKeyPath2of6change7contextySSSg_ypSgSDySo05NSKeyf6ChangeH0aypGSgSvSgtF",
            "moduleName": "volume_controller",
            "overriding": true,
            "objc_name": "observeValueForKeyPath:ofObject:change:context:",
            "declAttributes": [
              "Dynamic",
              "ObjC",
              "AccessControl",
              "Override"
            ],
            "funcSelfKind": "NonMutating"
          },
          {
            "kind": "Function",
            "name": "sendVolumeChangeEvent",
            "printedName": "sendVolumeChangeEvent()",
            "children": [
              {
                "kind": "TypeNominal",
                "name": "Void",
                "printedName": "()"
              }
            ],
            "declKind": "Func",
            "usr": "s:17volume_controller14VolumeListenerC04sendC11ChangeEventyyF",
            "mangledName": "$s17volume_controller14VolumeListenerC04sendC11ChangeEventyyF",
            "moduleName": "volume_controller",
            "declAttributes": [
              "AccessControl"
            ],
            "funcSelfKind": "NonMutating"
          },
          {
            "kind": "Constructor",
            "name": "init",
            "printedName": "init()",
            "children": [
              {
                "kind": "TypeNominal",
                "name": "VolumeListener",
                "printedName": "volume_controller.VolumeListener",
                "usr": "c:@M@volume_controller@objc(cs)VolumeListener"
              }
            ],
            "declKind": "Constructor",
            "usr": "c:@M@volume_controller@objc(cs)VolumeListener(im)init",
            "mangledName": "$s17volume_controller14VolumeListenerCACycfc",
            "moduleName": "volume_controller",
            "overriding": true,
            "implicit": true,
            "objc_name": "init",
            "declAttributes": [
              "Dynamic",
              "ObjC",
              "Override"
            ],
            "init_kind": "Designated"
          }
        ],
        "declKind": "Class",
        "usr": "c:@M@volume_controller@objc(cs)VolumeListener",
        "mangledName": "$s17volume_controller14VolumeListenerC",
        "moduleName": "volume_controller",
        "declAttributes": [
          "AccessControl",
          "ObjC"
        ],
        "superclassUsr": "c:objc(cs)NSObject",
        "hasMissingDesignatedInitializers": true,
        "superclassNames": [
          "ObjectiveC.NSObject"
        ],
        "conformances": [
          {
            "kind": "Conformance",
            "name": "Copyable",
            "printedName": "Copyable",
            "usr": "s:s8CopyableP",
            "mangledName": "$ss8CopyableP"
          },
          {
            "kind": "Conformance",
            "name": "Escapable",
            "printedName": "Escapable",
            "usr": "s:s9EscapableP",
            "mangledName": "$ss9EscapableP"
          },
          {
            "kind": "Conformance",
            "name": "Equatable",
            "printedName": "Equatable",
            "usr": "s:SQ",
            "mangledName": "$sSQ"
          },
          {
            "kind": "Conformance",
            "name": "Hashable",
            "printedName": "Hashable",
            "usr": "s:SH",
            "mangledName": "$sSH"
          },
          {
            "kind": "Conformance",
            "name": "CVarArg",
            "printedName": "CVarArg",
            "usr": "s:s7CVarArgP",
            "mangledName": "$ss7CVarArgP"
          },
          {
            "kind": "Conformance",
            "name": "_KeyValueCodingAndObservingPublishing",
            "printedName": "_KeyValueCodingAndObservingPublishing",
            "usr": "s:10Foundation37_KeyValueCodingAndObservingPublishingP",
            "mangledName": "$s10Foundation37_KeyValueCodingAndObservingPublishingP"
          },
          {
            "kind": "Conformance",
            "name": "_KeyValueCodingAndObserving",
            "printedName": "_KeyValueCodingAndObserving",
            "usr": "s:10Foundation27_KeyValueCodingAndObservingP",
            "mangledName": "$s10Foundation27_KeyValueCodingAndObservingP"
          },
          {
            "kind": "Conformance",
            "name": "CustomStringConvertible",
            "printedName": "CustomStringConvertible",
            "usr": "s:s23CustomStringConvertibleP",
            "mangledName": "$ss23CustomStringConvertibleP"
          },
          {
            "kind": "Conformance",
            "name": "CustomDebugStringConvertible",
            "printedName": "CustomDebugStringConvertible",
            "usr": "s:s28CustomDebugStringConvertibleP",
            "mangledName": "$ss28CustomDebugStringConvertibleP"
          }
        ]
      }
    ],
    "json_format_version": 8
  },
  "ConstValues": [
    {
      "filePath": "\/Users\/amitsoni\/.pub-cache\/hosted\/pub.dev\/volume_controller-3.4.1\/ios\/volume_controller\/Sources\/volume_controller\/Constants.swift",
      "kind": "StringLiteral",
      "offset": 50,
      "length": 42,
      "value": "\"com.kurenai7968.volume_controller.method\""
    },
    {
      "filePath": "\/Users\/amitsoni\/.pub-cache\/hosted\/pub.dev\/volume_controller-3.4.1\/ios\/volume_controller\/Sources\/volume_controller\/Constants.swift",
      "kind": "StringLiteral",
      "offset": 121,
      "length": 57,
      "value": "\"com.kurenai7968.volume_controller.volume_listener_event\""
    },
    {
      "filePath": "\/Users\/amitsoni\/.pub-cache\/hosted\/pub.dev\/volume_controller-3.4.1\/ios\/volume_controller\/Sources\/volume_controller\/Constants.swift",
      "kind": "StringLiteral",
      "offset": 227,
      "length": 11,
      "value": "\"getVolume\""
    },
    {
      "filePath": "\/Users\/amitsoni\/.pub-cache\/hosted\/pub.dev\/volume_controller-3.4.1\/ios\/volume_controller\/Sources\/volume_controller\/Constants.swift",
      "kind": "StringLiteral",
      "offset": 264,
      "length": 11,
      "value": "\"setVolume\""
    },
    {
      "filePath": "\/Users\/amitsoni\/.pub-cache\/hosted\/pub.dev\/volume_controller-3.4.1\/ios\/volume_controller\/Sources\/volume_controller\/Constants.swift",
      "kind": "StringLiteral",
      "offset": 299,
      "length": 9,
      "value": "\"isMuted\""
    },
    {
      "filePath": "\/Users\/amitsoni\/.pub-cache\/hosted\/pub.dev\/volume_controller-3.4.1\/ios\/volume_controller\/Sources\/volume_controller\/Constants.swift",
      "kind": "StringLiteral",
      "offset": 332,
      "length": 9,
      "value": "\"setMute\""
    },
    {
      "filePath": "\/Users\/amitsoni\/.pub-cache\/hosted\/pub.dev\/volume_controller-3.4.1\/ios\/volume_controller\/Sources\/volume_controller\/Constants.swift",
      "kind": "StringLiteral",
      "offset": 391,
      "length": 8,
      "value": "\"volume\""
    },
    {
      "filePath": "\/Users\/amitsoni\/.pub-cache\/hosted\/pub.dev\/volume_controller-3.4.1\/ios\/volume_controller\/Sources\/volume_controller\/Constants.swift",
      "kind": "StringLiteral",
      "offset": 428,
      "length": 14,
      "value": "\"showSystemUI\""
    },
    {
      "filePath": "\/Users\/amitsoni\/.pub-cache\/hosted\/pub.dev\/volume_controller-3.4.1\/ios\/volume_controller\/Sources\/volume_controller\/Constants.swift",
      "kind": "StringLiteral",
      "offset": 465,
      "length": 8,
      "value": "\"isMute\""
    },
    {
      "filePath": "\/Users\/amitsoni\/.pub-cache\/hosted\/pub.dev\/volume_controller-3.4.1\/ios\/volume_controller\/Sources\/volume_controller\/Constants.swift",
      "kind": "StringLiteral",
      "offset": 534,
      "length": 20,
      "value": "\"fetchInitialVolume\""
    },
    {
      "filePath": "\/Users\/amitsoni\/.pub-cache\/hosted\/pub.dev\/volume_controller-3.4.1\/ios\/volume_controller\/Sources\/volume_controller\/VolumeListener.swift",
      "kind": "BooleanLiteral",
      "offset": 268,
      "length": 5,
      "value": "false"
    },
    {
      "filePath": "\/Users\/amitsoni\/.pub-cache\/hosted\/pub.dev\/volume_controller-3.4.1\/ios\/volume_controller\/Sources\/volume_controller\/VolumeListener.swift",
      "kind": "StringLiteral",
      "offset": 308,
      "length": 14,
      "value": "\"outputVolume\""
    }
  ]
}