{
  "ABIRoot": {
    "kind": "Root",
    "name": "path_provider_foundation",
    "printedName": "path_provider_foundation",
    "children": [
      {
        "kind": "Import",
        "name": "Foundation",
        "printedName": "Foundation",
        "declKind": "Import",
        "moduleName": "path_provider_foundation",
        "declAttributes": [
          "RawDocComment"
        ]
      },
      {
        "kind": "Import",
        "name": "Flutter",
        "printedName": "Flutter",
        "declKind": "Import",
        "moduleName": "path_provider_foundation"
      },
      {
        "kind": "TypeDecl",
        "name": "PigeonError",
        "printedName": "PigeonError",
        "children": [
          {
            "kind": "Var",
            "name": "code",
            "printedName": "code",
            "children": [
              {
                "kind": "TypeNominal",
                "name": "String",
                "printedName": "Swift.String",
                "usr": "s:SS"
              }
            ],
            "declKind": "Var",
            "usr": "s:24path_provider_foundation11PigeonErrorC4codeSSvp",
            "mangledName": "$s24path_provider_foundation11PigeonErrorC4codeSSvp",
            "moduleName": "path_provider_foundation",
            "declAttributes": [
              "Final",
              "HasStorage"
            ],
            "fixedbinaryorder": 0,
            "isLet": true,
            "hasStorage": true,
            "accessors": [
              {
                "kind": "Accessor",
                "name": "Get",
                "printedName": "Get()",
                "children": [
                  {
                    "kind": "TypeNominal",
                    "name": "String",
                    "printedName": "Swift.String",
                    "usr": "s:SS"
                  }
                ],
                "declKind": "Accessor",
                "usr": "s:24path_provider_foundation11PigeonErrorC4codeSSvg",
                "mangledName": "$s24path_provider_foundation11PigeonErrorC4codeSSvg",
                "moduleName": "path_provider_foundation",
                "implicit": true,
                "declAttributes": [
                  "Transparent",
                  "Final"
                ],
                "accessorKind": "get"
              }
            ]
          },
          {
            "kind": "Var",
            "name": "message",
            "printedName": "message",
            "children": [
              {
                "kind": "TypeNominal",
                "name": "Optional",
                "printedName": "Swift.String?",
                "children": [
                  {
                    "kind": "TypeNominal",
                    "name": "String",
                    "printedName": "Swift.String",
                    "usr": "s:SS"
                  }
                ],
                "usr": "s:Sq"
              }
            ],
            "declKind": "Var",
            "usr": "s:24path_provider_foundation11PigeonErrorC7messageSSSgvp",
            "mangledName": "$s24path_provider_foundation11PigeonErrorC7messageSSSgvp",
            "moduleName": "path_provider_foundation",
            "declAttributes": [
              "Final",
              "HasStorage"
            ],
            "fixedbinaryorder": 1,
            "isLet": true,
            "hasStorage": true,
            "accessors": [
              {
                "kind": "Accessor",
                "name": "Get",
                "printedName": "Get()",
                "children": [
                  {
                    "kind": "TypeNominal",
                    "name": "Optional",
                    "printedName": "Swift.String?",
                    "children": [
                      {
                        "kind": "TypeNominal",
                        "name": "String",
                        "printedName": "Swift.String",
                        "usr": "s:SS"
                      }
                    ],
                    "usr": "s:Sq"
                  }
                ],
                "declKind": "Accessor",
                "usr": "s:24path_provider_foundation11PigeonErrorC7messageSSSgvg",
                "mangledName": "$s24path_provider_foundation11PigeonErrorC7messageSSSgvg",
                "moduleName": "path_provider_foundation",
                "implicit": true,
                "declAttributes": [
                  "Transparent",
                  "Final"
                ],
                "accessorKind": "get"
              }
            ]
          },
          {
            "kind": "Var",
            "name": "details",
            "printedName": "details",
            "children": [
              {
                "kind": "TypeNominal",
                "name": "Optional",
                "printedName": "(any Swift.Sendable)?",
                "children": [
                  {
                    "kind": "TypeNominal",
                    "name": "Sendable",
                    "printedName": "any Swift.Sendable",
                    "usr": "s:s8SendableP"
                  }
                ],
                "usr": "s:Sq"
              }
            ],
            "declKind": "Var",
            "usr": "s:24path_provider_foundation11PigeonErrorC7detailss8Sendable_pSgvp",
            "mangledName": "$s24path_provider_foundation11PigeonErrorC7detailss8Sendable_pSgvp",
            "moduleName": "path_provider_foundation",
            "declAttributes": [
              "Final",
              "HasStorage"
            ],
            "fixedbinaryorder": 2,
            "isLet": true,
            "hasStorage": true,
            "accessors": [
              {
                "kind": "Accessor",
                "name": "Get",
                "printedName": "Get()",
                "children": [
                  {
                    "kind": "TypeNominal",
                    "name": "Optional",
                    "printedName": "(any Swift.Sendable)?",
                    "children": [
                      {
                        "kind": "TypeNominal",
                        "name": "Sendable",
                        "printedName": "any Swift.Sendable",
                        "usr": "s:s8SendableP"
                      }
                    ],
                    "usr": "s:Sq"
                  }
                ],
                "declKind": "Accessor",
                "usr": "s:24path_provider_foundation11PigeonErrorC7detailss8Sendable_pSgvg",
                "mangledName": "$s24path_provider_foundation11PigeonErrorC7detailss8Sendable_pSgvg",
                "moduleName": "path_provider_foundation",
                "implicit": true,
                "declAttributes": [
                  "Transparent",
                  "Final"
                ],
                "accessorKind": "get"
              }
            ]
          },
          {
            "kind": "Constructor",
            "name": "init",
            "printedName": "init(code:message:details:)",
            "children": [
              {
                "kind": "TypeNominal",
                "name": "PigeonError",
                "printedName": "path_provider_foundation.PigeonError",
                "usr": "s:24path_provider_foundation11PigeonErrorC"
              },
              {
                "kind": "TypeNominal",
                "name": "String",
                "printedName": "Swift.String",
                "usr": "s:SS"
              },
              {
                "kind": "TypeNominal",
                "name": "Optional",
                "printedName": "Swift.String?",
                "children": [
                  {
                    "kind": "TypeNominal",
                    "name": "String",
                    "printedName": "Swift.String",
                    "usr": "s:SS"
                  }
                ],
                "usr": "s:Sq"
              },
              {
                "kind": "TypeNominal",
                "name": "Optional",
                "printedName": "(any Swift.Sendable)?",
                "children": [
                  {
                    "kind": "TypeNominal",
                    "name": "Sendable",
                    "printedName": "any Swift.Sendable",
                    "usr": "s:s8SendableP"
                  }
                ],
                "usr": "s:Sq"
              }
            ],
            "declKind": "Constructor",
            "usr": "s:24path_provider_foundation11PigeonErrorC4code7message7detailsACSS_SSSgs8Sendable_pSgtcfc",
            "mangledName": "$s24path_provider_foundation11PigeonErrorC4code7message7detailsACSS_SSSgs8Sendable_pSgtcfc",
            "moduleName": "path_provider_foundation",
            "init_kind": "Designated"
          },
          {
            "kind": "Var",
            "name": "localizedDescription",
            "printedName": "localizedDescription",
            "children": [
              {
                "kind": "TypeNominal",
                "name": "String",
                "printedName": "Swift.String",
                "usr": "s:SS"
              }
            ],
            "declKind": "Var",
            "usr": "s:24path_provider_foundation11PigeonErrorC20localizedDescriptionSSvp",
            "mangledName": "$s24path_provider_foundation11PigeonErrorC20localizedDescriptionSSvp",
            "moduleName": "path_provider_foundation",
            "declAttributes": [
              "Final"
            ],
            "accessors": [
              {
                "kind": "Accessor",
                "name": "Get",
                "printedName": "Get()",
                "children": [
                  {
                    "kind": "TypeNominal",
                    "name": "String",
                    "printedName": "Swift.String",
                    "usr": "s:SS"
                  }
                ],
                "declKind": "Accessor",
                "usr": "s:24path_provider_foundation11PigeonErrorC20localizedDescriptionSSvg",
                "mangledName": "$s24path_provider_foundation11PigeonErrorC20localizedDescriptionSSvg",
                "moduleName": "path_provider_foundation",
                "declAttributes": [
                  "Final"
                ],
                "accessorKind": "get"
              }
            ]
          }
        ],
        "declKind": "Class",
        "usr": "s:24path_provider_foundation11PigeonErrorC",
        "mangledName": "$s24path_provider_foundation11PigeonErrorC",
        "moduleName": "path_provider_foundation",
        "declAttributes": [
          "Final",
          "RawDocComment"
        ],
        "conformances": [
          {
            "kind": "Conformance",
            "name": "Copyable",
            "printedName": "Copyable",
            "usr": "s:s8CopyableP",
            "mangledName": "$ss8CopyableP"
          },
          {
            "kind": "Conformance",
            "name": "Escapable",
            "printedName": "Escapable",
            "usr": "s:s9EscapableP",
            "mangledName": "$ss9EscapableP"
          },
          {
            "kind": "Conformance",
            "name": "Error",
            "printedName": "Error",
            "usr": "s:s5ErrorP",
            "mangledName": "$ss5ErrorP"
          },
          {
            "kind": "Conformance",
            "name": "Sendable",
            "printedName": "Sendable",
            "usr": "s:s8SendableP",
            "mangledName": "$ss8SendableP"
          },
          {
            "kind": "Conformance",
            "name": "SendableMetatype",
            "printedName": "SendableMetatype",
            "usr": "s:s16SendableMetatypeP",
            "mangledName": "$ss16SendableMetatypeP"
          }
        ]
      },
      {
        "kind": "TypeDecl",
        "name": "DirectoryType",
        "printedName": "DirectoryType",
        "children": [
          {
            "kind": "Var",
            "name": "applicationDocuments",
            "printedName": "applicationDocuments",
            "children": [
              {
                "kind": "TypeFunc",
                "name": "Function",
                "printedName": "(path_provider_foundation.DirectoryType.Type) -> path_provider_foundation.DirectoryType",
                "children": [
                  {
                    "kind": "TypeNominal",
                    "name": "DirectoryType",
                    "printedName": "path_provider_foundation.DirectoryType",
                    "usr": "s:24path_provider_foundation13DirectoryTypeO"
                  },
                  {
                    "kind": "TypeNominal",
                    "name": "Metatype",
                    "printedName": "path_provider_foundation.DirectoryType.Type",
                    "children": [
                      {
                        "kind": "TypeNominal",
                        "name": "DirectoryType",
                        "printedName": "path_provider_foundation.DirectoryType",
                        "usr": "s:24path_provider_foundation13DirectoryTypeO"
                      }
                    ]
                  }
                ]
              }
            ],
            "declKind": "EnumElement",
            "usr": "s:24path_provider_foundation13DirectoryTypeO20applicationDocumentsyA2CmF",
            "mangledName": "$s24path_provider_foundation13DirectoryTypeO20applicationDocumentsyA2CmF",
            "moduleName": "path_provider_foundation",
            "fixedbinaryorder": 0
          },
          {
            "kind": "Var",
            "name": "applicationSupport",
            "printedName": "applicationSupport",
            "children": [
              {
                "kind": "TypeFunc",
                "name": "Function",
                "printedName": "(path_provider_foundation.DirectoryType.Type) -> path_provider_foundation.DirectoryType",
                "children": [
                  {
                    "kind": "TypeNominal",
                    "name": "DirectoryType",
                    "printedName": "path_provider_foundation.DirectoryType",
                    "usr": "s:24path_provider_foundation13DirectoryTypeO"
                  },
                  {
                    "kind": "TypeNominal",
                    "name": "Metatype",
                    "printedName": "path_provider_foundation.DirectoryType.Type",
                    "children": [
                      {
                        "kind": "TypeNominal",
                        "name": "DirectoryType",
                        "printedName": "path_provider_foundation.DirectoryType",
                        "usr": "s:24path_provider_foundation13DirectoryTypeO"
                      }
                    ]
                  }
                ]
              }
            ],
            "declKind": "EnumElement",
            "usr": "s:24path_provider_foundation13DirectoryTypeO18applicationSupportyA2CmF",
            "mangledName": "$s24path_provider_foundation13DirectoryTypeO18applicationSupportyA2CmF",
            "moduleName": "path_provider_foundation",
            "fixedbinaryorder": 1
          },
          {
            "kind": "Var",
            "name": "downloads",
            "printedName": "downloads",
            "children": [
              {
                "kind": "TypeFunc",
                "name": "Function",
                "printedName": "(path_provider_foundation.DirectoryType.Type) -> path_provider_foundation.DirectoryType",
                "children": [
                  {
                    "kind": "TypeNominal",
                    "name": "DirectoryType",
                    "printedName": "path_provider_foundation.DirectoryType",
                    "usr": "s:24path_provider_foundation13DirectoryTypeO"
                  },
                  {
                    "kind": "TypeNominal",
                    "name": "Metatype",
                    "printedName": "path_provider_foundation.DirectoryType.Type",
                    "children": [
                      {
                        "kind": "TypeNominal",
                        "name": "DirectoryType",
                        "printedName": "path_provider_foundation.DirectoryType",
                        "usr": "s:24path_provider_foundation13DirectoryTypeO"
                      }
                    ]
                  }
                ]
              }
            ],
            "declKind": "EnumElement",
            "usr": "s:24path_provider_foundation13DirectoryTypeO9downloadsyA2CmF",
            "mangledName": "$s24path_provider_foundation13DirectoryTypeO9downloadsyA2CmF",
            "moduleName": "path_provider_foundation",
            "fixedbinaryorder": 2
          },
          {
            "kind": "Var",
            "name": "library",
            "printedName": "library",
            "children": [
              {
                "kind": "TypeFunc",
                "name": "Function",
                "printedName": "(path_provider_foundation.DirectoryType.Type) -> path_provider_foundation.DirectoryType",
                "children": [
                  {
                    "kind": "TypeNominal",
                    "name": "DirectoryType",
                    "printedName": "path_provider_foundation.DirectoryType",
                    "usr": "s:24path_provider_foundation13DirectoryTypeO"
                  },
                  {
                    "kind": "TypeNominal",
                    "name": "Metatype",
                    "printedName": "path_provider_foundation.DirectoryType.Type",
                    "children": [
                      {
                        "kind": "TypeNominal",
                        "name": "DirectoryType",
                        "printedName": "path_provider_foundation.DirectoryType",
                        "usr": "s:24path_provider_foundation13DirectoryTypeO"
                      }
                    ]
                  }
                ]
              }
            ],
            "declKind": "EnumElement",
            "usr": "s:24path_provider_foundation13DirectoryTypeO7libraryyA2CmF",
            "mangledName": "$s24path_provider_foundation13DirectoryTypeO7libraryyA2CmF",
            "moduleName": "path_provider_foundation",
            "fixedbinaryorder": 3
          },
          {
            "kind": "Var",
            "name": "temp",
            "printedName": "temp",
            "children": [
              {
                "kind": "TypeFunc",
                "name": "Function",
                "printedName": "(path_provider_foundation.DirectoryType.Type) -> path_provider_foundation.DirectoryType",
                "children": [
                  {
                    "kind": "TypeNominal",
                    "name": "DirectoryType",
                    "printedName": "path_provider_foundation.DirectoryType",
                    "usr": "s:24path_provider_foundation13DirectoryTypeO"
                  },
                  {
                    "kind": "TypeNominal",
                    "name": "Metatype",
                    "printedName": "path_provider_foundation.DirectoryType.Type",
                    "children": [
                      {
                        "kind": "TypeNominal",
                        "name": "DirectoryType",
                        "printedName": "path_provider_foundation.DirectoryType",
                        "usr": "s:24path_provider_foundation13DirectoryTypeO"
                      }
                    ]
                  }
                ]
              }
            ],
            "declKind": "EnumElement",
            "usr": "s:24path_provider_foundation13DirectoryTypeO4tempyA2CmF",
            "mangledName": "$s24path_provider_foundation13DirectoryTypeO4tempyA2CmF",
            "moduleName": "path_provider_foundation",
            "fixedbinaryorder": 4
          },
          {
            "kind": "Var",
            "name": "applicationCache",
            "printedName": "applicationCache",
            "children": [
              {
                "kind": "TypeFunc",
                "name": "Function",
                "printedName": "(path_provider_foundation.DirectoryType.Type) -> path_provider_foundation.DirectoryType",
                "children": [
                  {
                    "kind": "TypeNominal",
                    "name": "DirectoryType",
                    "printedName": "path_provider_foundation.DirectoryType",
                    "usr": "s:24path_provider_foundation13DirectoryTypeO"
                  },
                  {
                    "kind": "TypeNominal",
                    "name": "Metatype",
                    "printedName": "path_provider_foundation.DirectoryType.Type",
                    "children": [
                      {
                        "kind": "TypeNominal",
                        "name": "DirectoryType",
                        "printedName": "path_provider_foundation.DirectoryType",
                        "usr": "s:24path_provider_foundation13DirectoryTypeO"
                      }
                    ]
                  }
                ]
              }
            ],
            "declKind": "EnumElement",
            "usr": "s:24path_provider_foundation13DirectoryTypeO16applicationCacheyA2CmF",
            "mangledName": "$s24path_provider_foundation13DirectoryTypeO16applicationCacheyA2CmF",
            "moduleName": "path_provider_foundation",
            "fixedbinaryorder": 5
          },
          {
            "kind": "Constructor",
            "name": "init",
            "printedName": "init(rawValue:)",
            "children": [
              {
                "kind": "TypeNominal",
                "name": "Optional",
                "printedName": "path_provider_foundation.DirectoryType?",
                "children": [
                  {
                    "kind": "TypeNominal",
                    "name": "DirectoryType",
                    "printedName": "path_provider_foundation.DirectoryType",
                    "usr": "s:24path_provider_foundation13DirectoryTypeO"
                  }
                ],
                "usr": "s:Sq"
              },
              {
                "kind": "TypeNominal",
                "name": "Int",
                "printedName": "Swift.Int",
                "usr": "s:Si"
              }
            ],
            "declKind": "Constructor",
            "usr": "s:24path_provider_foundation13DirectoryTypeO8rawValueACSgSi_tcfc",
            "mangledName": "$s24path_provider_foundation13DirectoryTypeO8rawValueACSgSi_tcfc",
            "moduleName": "path_provider_foundation",
            "implicit": true,
            "init_kind": "Designated"
          },
          {
            "kind": "Var",
            "name": "rawValue",
            "printedName": "rawValue",
            "children": [
              {
                "kind": "TypeNominal",
                "name": "Int",
                "printedName": "Swift.Int",
                "usr": "s:Si"
              }
            ],
            "declKind": "Var",
            "usr": "s:24path_provider_foundation13DirectoryTypeO8rawValueSivp",
            "mangledName": "$s24path_provider_foundation13DirectoryTypeO8rawValueSivp",
            "moduleName": "path_provider_foundation",
            "implicit": true,
            "accessors": [
              {
                "kind": "Accessor",
                "name": "Get",
                "printedName": "Get()",
                "children": [
                  {
                    "kind": "TypeNominal",
                    "name": "Int",
                    "printedName": "Swift.Int",
                    "usr": "s:Si"
                  }
                ],
                "declKind": "Accessor",
                "usr": "s:24path_provider_foundation13DirectoryTypeO8rawValueSivg",
                "mangledName": "$s24path_provider_foundation13DirectoryTypeO8rawValueSivg",
                "moduleName": "path_provider_foundation",
                "implicit": true,
                "accessorKind": "get"
              }
            ]
          }
        ],
        "declKind": "Enum",
        "usr": "s:24path_provider_foundation13DirectoryTypeO",
        "mangledName": "$s24path_provider_foundation13DirectoryTypeO",
        "moduleName": "path_provider_foundation",
        "enumRawTypeName": "Int",
        "isEnumExhaustive": true,
        "conformances": [
          {
            "kind": "Conformance",
            "name": "Copyable",
            "printedName": "Copyable",
            "usr": "s:s8CopyableP",
            "mangledName": "$ss8CopyableP"
          },
          {
            "kind": "Conformance",
            "name": "Escapable",
            "printedName": "Escapable",
            "usr": "s:s9EscapableP",
            "mangledName": "$ss9EscapableP"
          },
          {
            "kind": "Conformance",
            "name": "Equatable",
            "printedName": "Equatable",
            "usr": "s:SQ",
            "mangledName": "$sSQ"
          },
          {
            "kind": "Conformance",
            "name": "Hashable",
            "printedName": "Hashable",
            "usr": "s:SH",
            "mangledName": "$sSH"
          },
          {
            "kind": "Conformance",
            "name": "RawRepresentable",
            "printedName": "RawRepresentable",
            "children": [
              {
                "kind": "TypeWitness",
                "name": "RawValue",
                "printedName": "RawValue",
                "children": [
                  {
                    "kind": "TypeNominal",
                    "name": "Int",
                    "printedName": "Swift.Int",
                    "usr": "s:Si"
                  }
                ]
              }
            ],
            "usr": "s:SY",
            "mangledName": "$sSY"
          },
          {
            "kind": "Conformance",
            "name": "Sendable",
            "printedName": "Sendable",
            "usr": "s:s8SendableP",
            "mangledName": "$ss8SendableP"
          },
          {
            "kind": "Conformance",
            "name": "BitwiseCopyable",
            "printedName": "BitwiseCopyable",
            "usr": "s:s15BitwiseCopyableP",
            "mangledName": "$ss15BitwiseCopyableP"
          }
        ]
      },
      {
        "kind": "TypeDecl",
        "name": "MessagesPigeonCodec",
        "printedName": "MessagesPigeonCodec",
        "children": [
          {
            "kind": "Var",
            "name": "shared",
            "printedName": "shared",
            "children": [
              {
                "kind": "TypeNominal",
                "name": "MessagesPigeonCodec",
                "printedName": "path_provider_foundation.MessagesPigeonCodec",
                "usr": "c:@M@path_provider_foundation@objc(cs)MessagesPigeonCodec"
              }
            ],
            "declKind": "Var",
            "usr": "s:24path_provider_foundation19MessagesPigeonCodecC6sharedACvpZ",
            "mangledName": "$s24path_provider_foundation19MessagesPigeonCodecC6sharedACvpZ",
            "moduleName": "path_provider_foundation",
            "static": true,
            "declAttributes": [
              "HasInitialValue",
              "Final",
              "HasStorage"
            ],
            "isLet": true,
            "hasStorage": true,
            "accessors": [
              {
                "kind": "Accessor",
                "name": "Get",
                "printedName": "Get()",
                "children": [
                  {
                    "kind": "TypeNominal",
                    "name": "MessagesPigeonCodec",
                    "printedName": "path_provider_foundation.MessagesPigeonCodec",
                    "usr": "c:@M@path_provider_foundation@objc(cs)MessagesPigeonCodec"
                  }
                ],
                "declKind": "Accessor",
                "usr": "s:24path_provider_foundation19MessagesPigeonCodecC6sharedACvgZ",
                "mangledName": "$s24path_provider_foundation19MessagesPigeonCodecC6sharedACvgZ",
                "moduleName": "path_provider_foundation",
                "static": true,
                "implicit": true,
                "declAttributes": [
                  "Final"
                ],
                "accessorKind": "get"
              }
            ]
          },
          {
            "kind": "Constructor",
            "name": "init",
            "printedName": "init()",
            "children": [
              {
                "kind": "TypeNominal",
                "name": "MessagesPigeonCodec",
                "printedName": "path_provider_foundation.MessagesPigeonCodec",
                "usr": "c:@M@path_provider_foundation@objc(cs)MessagesPigeonCodec"
              }
            ],
            "declKind": "Constructor",
            "usr": "c:@M@path_provider_foundation@objc(cs)MessagesPigeonCodec(im)init",
            "mangledName": "$s24path_provider_foundation19MessagesPigeonCodecCACycfc",
            "moduleName": "path_provider_foundation",
            "overriding": true,
            "implicit": true,
            "objc_name": "init",
            "declAttributes": [
              "Dynamic",
              "ObjC",
              "Override"
            ],
            "init_kind": "Designated"
          }
        ],
        "declKind": "Class",
        "usr": "c:@M@path_provider_foundation@objc(cs)MessagesPigeonCodec",
        "mangledName": "$s24path_provider_foundation19MessagesPigeonCodecC",
        "moduleName": "path_provider_foundation",
        "isOpen": true,
        "declAttributes": [
          "ObjC"
        ],
        "superclassUsr": "c:objc(cs)FlutterStandardMessageCodec",
        "inheritsConvenienceInitializers": true,
        "superclassNames": [
          "Flutter.FlutterStandardMessageCodec",
          "ObjectiveC.NSObject"
        ],
        "conformances": [
          {
            "kind": "Conformance",
            "name": "Sendable",
            "printedName": "Sendable",
            "usr": "s:s8SendableP",
            "mangledName": "$ss8SendableP"
          },
          {
            "kind": "Conformance",
            "name": "Copyable",
            "printedName": "Copyable",
            "usr": "s:s8CopyableP",
            "mangledName": "$ss8CopyableP"
          },
          {
            "kind": "Conformance",
            "name": "Escapable",
            "printedName": "Escapable",
            "usr": "s:s9EscapableP",
            "mangledName": "$ss9EscapableP"
          },
          {
            "kind": "Conformance",
            "name": "Equatable",
            "printedName": "Equatable",
            "usr": "s:SQ",
            "mangledName": "$sSQ"
          },
          {
            "kind": "Conformance",
            "name": "Hashable",
            "printedName": "Hashable",
            "usr": "s:SH",
            "mangledName": "$sSH"
          },
          {
            "kind": "Conformance",
            "name": "CVarArg",
            "printedName": "CVarArg",
            "usr": "s:s7CVarArgP",
            "mangledName": "$ss7CVarArgP"
          },
          {
            "kind": "Conformance",
            "name": "_KeyValueCodingAndObservingPublishing",
            "printedName": "_KeyValueCodingAndObservingPublishing",
            "usr": "s:10Foundation37_KeyValueCodingAndObservingPublishingP",
            "mangledName": "$s10Foundation37_KeyValueCodingAndObservingPublishingP"
          },
          {
            "kind": "Conformance",
            "name": "_KeyValueCodingAndObserving",
            "printedName": "_KeyValueCodingAndObserving",
            "usr": "s:10Foundation27_KeyValueCodingAndObservingP",
            "mangledName": "$s10Foundation27_KeyValueCodingAndObservingP"
          },
          {
            "kind": "Conformance",
            "name": "CustomStringConvertible",
            "printedName": "CustomStringConvertible",
            "usr": "s:s23CustomStringConvertibleP",
            "mangledName": "$ss23CustomStringConvertibleP"
          },
          {
            "kind": "Conformance",
            "name": "CustomDebugStringConvertible",
            "printedName": "CustomDebugStringConvertible",
            "usr": "s:s28CustomDebugStringConvertibleP",
            "mangledName": "$ss28CustomDebugStringConvertibleP"
          },
          {
            "kind": "Conformance",
            "name": "SendableMetatype",
            "printedName": "SendableMetatype",
            "usr": "s:s16SendableMetatypeP",
            "mangledName": "$ss16SendableMetatypeP"
          }
        ]
      },
      {
        "kind": "TypeDecl",
        "name": "PathProviderApi",
        "printedName": "PathProviderApi",
        "children": [
          {
            "kind": "Function",
            "name": "getDirectoryPath",
            "printedName": "getDirectoryPath(type:)",
            "children": [
              {
                "kind": "TypeNominal",
                "name": "Optional",
                "printedName": "Swift.String?",
                "children": [
                  {
                    "kind": "TypeNominal",
                    "name": "String",
                    "printedName": "Swift.String",
                    "usr": "s:SS"
                  }
                ],
                "usr": "s:Sq"
              },
              {
                "kind": "TypeNominal",
                "name": "DirectoryType",
                "printedName": "path_provider_foundation.DirectoryType",
                "usr": "s:24path_provider_foundation13DirectoryTypeO"
              }
            ],
            "declKind": "Func",
            "usr": "s:24path_provider_foundation15PathProviderApiP012getDirectoryD04typeSSSgAA0H4TypeO_tKF",
            "mangledName": "$s24path_provider_foundation15PathProviderApiP012getDirectoryD04typeSSSgAA0H4TypeO_tKF",
            "moduleName": "path_provider_foundation",
            "genericSig": "<τ_0_0 where τ_0_0 : path_provider_foundation.PathProviderApi>",
            "sugared_genericSig": "<Self where Self : path_provider_foundation.PathProviderApi>",
            "protocolReq": true,
            "throwing": true,
            "reqNewWitnessTableEntry": true,
            "funcSelfKind": "NonMutating"
          },
          {
            "kind": "Function",
            "name": "getContainerPath",
            "printedName": "getContainerPath(appGroupIdentifier:)",
            "children": [
              {
                "kind": "TypeNominal",
                "name": "Optional",
                "printedName": "Swift.String?",
                "children": [
                  {
                    "kind": "TypeNominal",
                    "name": "String",
                    "printedName": "Swift.String",
                    "usr": "s:SS"
                  }
                ],
                "usr": "s:Sq"
              },
              {
                "kind": "TypeNominal",
                "name": "String",
                "printedName": "Swift.String",
                "usr": "s:SS"
              }
            ],
            "declKind": "Func",
            "usr": "s:24path_provider_foundation15PathProviderApiP012getContainerD018appGroupIdentifierSSSgSS_tKF",
            "mangledName": "$s24path_provider_foundation15PathProviderApiP012getContainerD018appGroupIdentifierSSSgSS_tKF",
            "moduleName": "path_provider_foundation",
            "genericSig": "<τ_0_0 where τ_0_0 : path_provider_foundation.PathProviderApi>",
            "sugared_genericSig": "<Self where Self : path_provider_foundation.PathProviderApi>",
            "protocolReq": true,
            "throwing": true,
            "reqNewWitnessTableEntry": true,
            "funcSelfKind": "NonMutating"
          }
        ],
        "declKind": "Protocol",
        "usr": "s:24path_provider_foundation15PathProviderApiP",
        "mangledName": "$s24path_provider_foundation15PathProviderApiP",
        "moduleName": "path_provider_foundation",
        "declAttributes": [
          "RawDocComment"
        ],
        "conformances": [
          {
            "kind": "Conformance",
            "name": "Escapable",
            "printedName": "Escapable",
            "usr": "s:s9EscapableP",
            "mangledName": "$ss9EscapableP"
          },
          {
            "kind": "Conformance",
            "name": "Copyable",
            "printedName": "Copyable",
            "usr": "s:s8CopyableP",
            "mangledName": "$ss8CopyableP"
          }
        ]
      },
      {
        "kind": "TypeDecl",
        "name": "PathProviderApiSetup",
        "printedName": "PathProviderApiSetup",
        "children": [
          {
            "kind": "Var",
            "name": "codec",
            "printedName": "codec",
            "children": [
              {
                "kind": "TypeNominal",
                "name": "FlutterStandardMessageCodec",
                "printedName": "Flutter.FlutterStandardMessageCodec",
                "usr": "c:objc(cs)FlutterStandardMessageCodec"
              }
            ],
            "declKind": "Var",
            "usr": "s:24path_provider_foundation20PathProviderApiSetupC5codecSo27FlutterStandardMessageCodecCvpZ",
            "mangledName": "$s24path_provider_foundation20PathProviderApiSetupC5codecSo27FlutterStandardMessageCodecCvpZ",
            "moduleName": "path_provider_foundation",
            "static": true,
            "declAttributes": [
              "Final"
            ],
            "accessors": [
              {
                "kind": "Accessor",
                "name": "Get",
                "printedName": "Get()",
                "children": [
                  {
                    "kind": "TypeNominal",
                    "name": "FlutterStandardMessageCodec",
                    "printedName": "Flutter.FlutterStandardMessageCodec",
                    "usr": "c:objc(cs)FlutterStandardMessageCodec"
                  }
                ],
                "declKind": "Accessor",
                "usr": "s:24path_provider_foundation20PathProviderApiSetupC5codecSo27FlutterStandardMessageCodecCvgZ",
                "mangledName": "$s24path_provider_foundation20PathProviderApiSetupC5codecSo27FlutterStandardMessageCodecCvgZ",
                "moduleName": "path_provider_foundation",
                "static": true,
                "declAttributes": [
                  "Final"
                ],
                "accessorKind": "get"
              }
            ]
          },
          {
            "kind": "Function",
            "name": "setUp",
            "printedName": "setUp(binaryMessenger:api:messageChannelSuffix:)",
            "children": [
              {
                "kind": "TypeNominal",
                "name": "Void",
                "printedName": "()"
              },
              {
                "kind": "TypeNominal",
                "name": "FlutterBinaryMessenger",
                "printedName": "any Flutter.FlutterBinaryMessenger",
                "usr": "c:objc(pl)FlutterBinaryMessenger"
              },
              {
                "kind": "TypeNominal",
                "name": "Optional",
                "printedName": "(any path_provider_foundation.PathProviderApi)?",
                "children": [
                  {
                    "kind": "TypeNominal",
                    "name": "PathProviderApi",
                    "printedName": "any path_provider_foundation.PathProviderApi",
                    "usr": "s:24path_provider_foundation15PathProviderApiP"
                  }
                ],
                "usr": "s:Sq"
              },
              {
                "kind": "TypeNominal",
                "name": "String",
                "printedName": "Swift.String",
                "hasDefaultArg": true,
                "usr": "s:SS"
              }
            ],
            "declKind": "Func",
            "usr": "s:24path_provider_foundation20PathProviderApiSetupC5setUp15binaryMessenger3api20messageChannelSuffixySo013FlutterBinaryK0_p_AA0deF0_pSgSStFZ",
            "mangledName": "$s24path_provider_foundation20PathProviderApiSetupC5setUp15binaryMessenger3api20messageChannelSuffixySo013FlutterBinaryK0_p_AA0deF0_pSgSStFZ",
            "moduleName": "path_provider_foundation",
            "static": true,
            "declAttributes": [
              "Final",
              "RawDocComment"
            ],
            "funcSelfKind": "NonMutating"
          },
          {
            "kind": "Constructor",
            "name": "init",
            "printedName": "init()",
            "children": [
              {
                "kind": "TypeNominal",
                "name": "PathProviderApiSetup",
                "printedName": "path_provider_foundation.PathProviderApiSetup",
                "usr": "s:24path_provider_foundation20PathProviderApiSetupC"
              }
            ],
            "declKind": "Constructor",
            "usr": "s:24path_provider_foundation20PathProviderApiSetupCACycfc",
            "mangledName": "$s24path_provider_foundation20PathProviderApiSetupCACycfc",
            "moduleName": "path_provider_foundation",
            "implicit": true,
            "init_kind": "Designated"
          }
        ],
        "declKind": "Class",
        "usr": "s:24path_provider_foundation20PathProviderApiSetupC",
        "mangledName": "$s24path_provider_foundation20PathProviderApiSetupC",
        "moduleName": "path_provider_foundation",
        "isOpen": true,
        "declAttributes": [
          "RawDocComment"
        ],
        "conformances": [
          {
            "kind": "Conformance",
            "name": "Copyable",
            "printedName": "Copyable",
            "usr": "s:s8CopyableP",
            "mangledName": "$ss8CopyableP"
          },
          {
            "kind": "Conformance",
            "name": "Escapable",
            "printedName": "Escapable",
            "usr": "s:s9EscapableP",
            "mangledName": "$ss9EscapableP"
          }
        ]
      },
      {
        "kind": "Import",
        "name": "Foundation",
        "printedName": "Foundation",
        "declKind": "Import",
        "moduleName": "path_provider_foundation",
        "declAttributes": [
          "RawDocComment"
        ]
      },
      {
        "kind": "Import",
        "name": "Flutter",
        "printedName": "Flutter",
        "declKind": "Import",
        "moduleName": "path_provider_foundation"
      },
      {
        "kind": "TypeDecl",
        "name": "PathProviderPlugin",
        "printedName": "PathProviderPlugin",
        "children": [
          {
            "kind": "Function",
            "name": "register",
            "printedName": "register(with:)",
            "children": [
              {
                "kind": "TypeNominal",
                "name": "Void",
                "printedName": "()"
              },
              {
                "kind": "TypeNominal",
                "name": "FlutterPluginRegistrar",
                "printedName": "any Flutter.FlutterPluginRegistrar",
                "usr": "c:objc(pl)FlutterPluginRegistrar"
              }
            ],
            "declKind": "Func",
            "usr": "c:@M@path_provider_foundation@objc(cs)PathProviderPlugin(cm)registerWithRegistrar:",
            "mangledName": "$s24path_provider_foundation18PathProviderPluginC8register4withySo07FlutterF9Registrar_p_tFZ",
            "moduleName": "path_provider_foundation",
            "static": true,
            "objc_name": "registerWithRegistrar:",
            "declAttributes": [
              "Final",
              "ObjC",
              "AccessControl"
            ],
            "funcSelfKind": "NonMutating"
          },
          {
            "kind": "Function",
            "name": "getDirectoryPath",
            "printedName": "getDirectoryPath(type:)",
            "children": [
              {
                "kind": "TypeNominal",
                "name": "Optional",
                "printedName": "Swift.String?",
                "children": [
                  {
                    "kind": "TypeNominal",
                    "name": "String",
                    "printedName": "Swift.String",
                    "usr": "s:SS"
                  }
                ],
                "usr": "s:Sq"
              },
              {
                "kind": "TypeNominal",
                "name": "DirectoryType",
                "printedName": "path_provider_foundation.DirectoryType",
                "usr": "s:24path_provider_foundation13DirectoryTypeO"
              }
            ],
            "declKind": "Func",
            "usr": "s:24path_provider_foundation18PathProviderPluginC012getDirectoryD04typeSSSgAA0H4TypeO_tF",
            "mangledName": "$s24path_provider_foundation18PathProviderPluginC012getDirectoryD04typeSSSgAA0H4TypeO_tF",
            "moduleName": "path_provider_foundation",
            "isOpen": true,
            "funcSelfKind": "NonMutating"
          },
          {
            "kind": "Function",
            "name": "getContainerPath",
            "printedName": "getContainerPath(appGroupIdentifier:)",
            "children": [
              {
                "kind": "TypeNominal",
                "name": "Optional",
                "printedName": "Swift.String?",
                "children": [
                  {
                    "kind": "TypeNominal",
                    "name": "String",
                    "printedName": "Swift.String",
                    "usr": "s:SS"
                  }
                ],
                "usr": "s:Sq"
              },
              {
                "kind": "TypeNominal",
                "name": "String",
                "printedName": "Swift.String",
                "usr": "s:SS"
              }
            ],
            "declKind": "Func",
            "usr": "s:24path_provider_foundation18PathProviderPluginC012getContainerD018appGroupIdentifierSSSgSS_tF",
            "mangledName": "$s24path_provider_foundation18PathProviderPluginC012getContainerD018appGroupIdentifierSSSgSS_tF",
            "moduleName": "path_provider_foundation",
            "isOpen": true,
            "declAttributes": [
              "RawDocComment"
            ],
            "funcSelfKind": "NonMutating"
          },
          {
            "kind": "Constructor",
            "name": "init",
            "printedName": "init()",
            "children": [
              {
                "kind": "TypeNominal",
                "name": "PathProviderPlugin",
                "printedName": "path_provider_foundation.PathProviderPlugin",
                "usr": "c:@M@path_provider_foundation@objc(cs)PathProviderPlugin"
              }
            ],
            "declKind": "Constructor",
            "usr": "c:@M@path_provider_foundation@objc(cs)PathProviderPlugin(im)init",
            "mangledName": "$s24path_provider_foundation18PathProviderPluginCACycfc",
            "moduleName": "path_provider_foundation",
            "overriding": true,
            "implicit": true,
            "objc_name": "init",
            "declAttributes": [
              "Dynamic",
              "ObjC",
              "Override"
            ],
            "init_kind": "Designated"
          }
        ],
        "declKind": "Class",
        "usr": "c:@M@path_provider_foundation@objc(cs)PathProviderPlugin",
        "mangledName": "$s24path_provider_foundation18PathProviderPluginC",
        "moduleName": "path_provider_foundation",
        "isOpen": true,
        "declAttributes": [
          "AccessControl",
          "ObjC"
        ],
        "superclassUsr": "c:objc(cs)NSObject",
        "inheritsConvenienceInitializers": true,
        "superclassNames": [
          "ObjectiveC.NSObject"
        ],
        "conformances": [
          {
            "kind": "Conformance",
            "name": "PathProviderApi",
            "printedName": "PathProviderApi",
            "usr": "s:24path_provider_foundation15PathProviderApiP",
            "mangledName": "$s24path_provider_foundation15PathProviderApiP"
          },
          {
            "kind": "Conformance",
            "name": "Copyable",
            "printedName": "Copyable",
            "usr": "s:s8CopyableP",
            "mangledName": "$ss8CopyableP"
          },
          {
            "kind": "Conformance",
            "name": "Escapable",
            "printedName": "Escapable",
            "usr": "s:s9EscapableP",
            "mangledName": "$ss9EscapableP"
          },
          {
            "kind": "Conformance",
            "name": "Equatable",
            "printedName": "Equatable",
            "usr": "s:SQ",
            "mangledName": "$sSQ"
          },
          {
            "kind": "Conformance",
            "name": "Hashable",
            "printedName": "Hashable",
            "usr": "s:SH",
            "mangledName": "$sSH"
          },
          {
            "kind": "Conformance",
            "name": "CVarArg",
            "printedName": "CVarArg",
            "usr": "s:s7CVarArgP",
            "mangledName": "$ss7CVarArgP"
          },
          {
            "kind": "Conformance",
            "name": "_KeyValueCodingAndObservingPublishing",
            "printedName": "_KeyValueCodingAndObservingPublishing",
            "usr": "s:10Foundation37_KeyValueCodingAndObservingPublishingP",
            "mangledName": "$s10Foundation37_KeyValueCodingAndObservingPublishingP"
          },
          {
            "kind": "Conformance",
            "name": "_KeyValueCodingAndObserving",
            "printedName": "_KeyValueCodingAndObserving",
            "usr": "s:10Foundation27_KeyValueCodingAndObservingP",
            "mangledName": "$s10Foundation27_KeyValueCodingAndObservingP"
          },
          {
            "kind": "Conformance",
            "name": "CustomStringConvertible",
            "printedName": "CustomStringConvertible",
            "usr": "s:s23CustomStringConvertibleP",
            "mangledName": "$ss23CustomStringConvertibleP"
          },
          {
            "kind": "Conformance",
            "name": "CustomDebugStringConvertible",
            "printedName": "CustomDebugStringConvertible",
            "usr": "s:s28CustomDebugStringConvertibleP",
            "mangledName": "$ss28CustomDebugStringConvertibleP"
          }
        ]
      }
    ],
    "json_format_version": 8
  },
  "ConstValues": [
    {
      "filePath": "\/Users\/amitsoni\/.pub-cache\/hosted\/pub.dev\/path_provider_foundation-2.5.1\/darwin\/path_provider_foundation\/Sources\/path_provider_foundation\/messages.g.swift",
      "kind": "IntegerLiteral",
      "offset": 1632,
      "length": 1,
      "value": "0"
    },
    {
      "filePath": "\/Users\/amitsoni\/.pub-cache\/hosted\/pub.dev\/path_provider_foundation-2.5.1\/darwin\/path_provider_foundation\/Sources\/path_provider_foundation\/messages.g.swift",
      "kind": "IntegerLiteral",
      "offset": 1662,
      "length": 1,
      "value": "1"
    },
    {
      "filePath": "\/Users\/amitsoni\/.pub-cache\/hosted\/pub.dev\/path_provider_foundation-2.5.1\/darwin\/path_provider_foundation\/Sources\/path_provider_foundation\/messages.g.swift",
      "kind": "IntegerLiteral",
      "offset": 1683,
      "length": 1,
      "value": "2"
    },
    {
      "filePath": "\/Users\/amitsoni\/.pub-cache\/hosted\/pub.dev\/path_provider_foundation-2.5.1\/darwin\/path_provider_foundation\/Sources\/path_provider_foundation\/messages.g.swift",
      "kind": "IntegerLiteral",
      "offset": 1702,
      "length": 1,
      "value": "3"
    },
    {
      "filePath": "\/Users\/amitsoni\/.pub-cache\/hosted\/pub.dev\/path_provider_foundation-2.5.1\/darwin\/path_provider_foundation\/Sources\/path_provider_foundation\/messages.g.swift",
      "kind": "IntegerLiteral",
      "offset": 1718,
      "length": 1,
      "value": "4"
    },
    {
      "filePath": "\/Users\/amitsoni\/.pub-cache\/hosted\/pub.dev\/path_provider_foundation-2.5.1\/darwin\/path_provider_foundation\/Sources\/path_provider_foundation\/messages.g.swift",
      "kind": "IntegerLiteral",
      "offset": 1746,
      "length": 1,
      "value": "5"
    },
    {
      "filePath": "\/Users\/amitsoni\/.pub-cache\/hosted\/pub.dev\/path_provider_foundation-2.5.1\/darwin\/path_provider_foundation\/Sources\/path_provider_foundation\/messages.g.swift",
      "kind": "StringLiteral",
      "offset": 3619,
      "length": 2,
      "value": "\"\""
    }
  ]
}