{
  "ABIRoot": {
    "kind": "Root",
    "name": "FirebaseCoreInternal",
    "printedName": "FirebaseCoreInternal",
    "children": [
      {
        "kind": "Import",
        "name": "Foundation",
        "printedName": "Foundation",
        "declKind": "Import",
        "moduleName": "FirebaseCoreInternal",
        "declAttributes": [
          "RawDocComment"
        ]
      },
      {
        "kind": "TypeDecl",
        "name": "_ObjC_HeartbeatController",
        "printedName": "_ObjC_HeartbeatController",
        "children": [
          {
            "kind": "Constructor",
            "name": "init",
            "printedName": "init(id:)",
            "children": [
              {
                "kind": "TypeNominal",
                "name": "_ObjC_HeartbeatController",
                "printedName": "FirebaseCoreInternal._ObjC_HeartbeatController",
                "usr": "c:@M@FirebaseCoreInternal@objc(cs)FIRHeartbeatController"
              },
              {
                "kind": "TypeNominal",
                "name": "String",
                "printedName": "Swift.String",
                "usr": "s:SS"
              }
            ],
            "declKind": "Constructor",
            "usr": "c:@M@FirebaseCoreInternal@objc(cs)FIRHeartbeatController(im)initWithId:",
            "mangledName": "$s20FirebaseCoreInternal25_ObjC_HeartbeatControllerC2idACSS_tcfc",
            "moduleName": "FirebaseCoreInternal",
            "declAttributes": [
              "AccessControl",
              "RawDocComment",
              "ObjC"
            ],
            "init_kind": "Designated"
          },
          {
            "kind": "Function",
            "name": "log",
            "printedName": "log(_:)",
            "children": [
              {
                "kind": "TypeNominal",
                "name": "Void",
                "printedName": "()"
              },
              {
                "kind": "TypeNominal",
                "name": "String",
                "printedName": "Swift.String",
                "usr": "s:SS"
              }
            ],
            "declKind": "Func",
            "usr": "c:@M@FirebaseCoreInternal@objc(cs)FIRHeartbeatController(im)log:",
            "mangledName": "$s20FirebaseCoreInternal25_ObjC_HeartbeatControllerC3logyySSF",
            "moduleName": "FirebaseCoreInternal",
            "declAttributes": [
              "AccessControl",
              "RawDocComment",
              "ObjC"
            ],
            "funcSelfKind": "NonMutating"
          },
          {
            "kind": "Function",
            "name": "flush",
            "printedName": "flush()",
            "children": [
              {
                "kind": "TypeNominal",
                "name": "_ObjC_HeartbeatsPayload",
                "printedName": "FirebaseCoreInternal._ObjC_HeartbeatsPayload",
                "usr": "c:@M@FirebaseCoreInternal@objc(cs)FIRHeartbeatsPayload"
              }
            ],
            "declKind": "Func",
            "usr": "c:@M@FirebaseCoreInternal@objc(cs)FIRHeartbeatController(im)flush",
            "mangledName": "$s20FirebaseCoreInternal25_ObjC_HeartbeatControllerC5flushAA01_D19C_HeartbeatsPayloadCyF",
            "moduleName": "FirebaseCoreInternal",
            "declAttributes": [
              "AccessControl",
              "RawDocComment",
              "ObjC"
            ],
            "funcSelfKind": "NonMutating"
          },
          {
            "kind": "Function",
            "name": "flushAsync",
            "printedName": "flushAsync(completionHandler:)",
            "children": [
              {
                "kind": "TypeNominal",
                "name": "Void",
                "printedName": "()"
              },
              {
                "kind": "TypeFunc",
                "name": "Function",
                "printedName": "(FirebaseCoreInternal._ObjC_HeartbeatsPayload) -> ()",
                "children": [
                  {
                    "kind": "TypeNominal",
                    "name": "Void",
                    "printedName": "()"
                  },
                  {
                    "kind": "TypeNominal",
                    "name": "_ObjC_HeartbeatsPayload",
                    "printedName": "FirebaseCoreInternal._ObjC_HeartbeatsPayload",
                    "usr": "c:@M@FirebaseCoreInternal@objc(cs)FIRHeartbeatsPayload"
                  }
                ]
              }
            ],
            "declKind": "Func",
            "usr": "c:@M@FirebaseCoreInternal@objc(cs)FIRHeartbeatController(im)flushAsyncWithCompletionHandler:",
            "mangledName": "$s20FirebaseCoreInternal25_ObjC_HeartbeatControllerC10flushAsync17completionHandleryyAA01_D19C_HeartbeatsPayloadCYbc_tF",
            "moduleName": "FirebaseCoreInternal",
            "declAttributes": [
              "AccessControl",
              "RawDocComment",
              "ObjC"
            ],
            "funcSelfKind": "NonMutating"
          },
          {
            "kind": "Function",
            "name": "flushHeartbeatFromToday",
            "printedName": "flushHeartbeatFromToday()",
            "children": [
              {
                "kind": "TypeNominal",
                "name": "_ObjC_HeartbeatsPayload",
                "printedName": "FirebaseCoreInternal._ObjC_HeartbeatsPayload",
                "usr": "c:@M@FirebaseCoreInternal@objc(cs)FIRHeartbeatsPayload"
              }
            ],
            "declKind": "Func",
            "usr": "c:@M@FirebaseCoreInternal@objc(cs)FIRHeartbeatController(im)flushHeartbeatFromToday",
            "mangledName": "$s20FirebaseCoreInternal25_ObjC_HeartbeatControllerC05flushE9FromTodayAA01_D19C_HeartbeatsPayloadCyF",
            "moduleName": "FirebaseCoreInternal",
            "declAttributes": [
              "AccessControl",
              "RawDocComment",
              "ObjC"
            ],
            "funcSelfKind": "NonMutating"
          },
          {
            "kind": "Constructor",
            "name": "init",
            "printedName": "init()",
            "children": [
              {
                "kind": "TypeNominal",
                "name": "_ObjC_HeartbeatController",
                "printedName": "FirebaseCoreInternal._ObjC_HeartbeatController",
                "usr": "c:@M@FirebaseCoreInternal@objc(cs)FIRHeartbeatController"
              }
            ],
            "declKind": "Constructor",
            "usr": "c:@M@FirebaseCoreInternal@objc(cs)FIRHeartbeatController(im)init",
            "mangledName": "$s20FirebaseCoreInternal25_ObjC_HeartbeatControllerCACycfc",
            "moduleName": "FirebaseCoreInternal",
            "overriding": true,
            "implicit": true,
            "objc_name": "init",
            "declAttributes": [
              "Dynamic",
              "ObjC",
              "Override"
            ],
            "init_kind": "Designated"
          }
        ],
        "declKind": "Class",
        "usr": "c:@M@FirebaseCoreInternal@objc(cs)FIRHeartbeatController",
        "mangledName": "$s20FirebaseCoreInternal25_ObjC_HeartbeatControllerC",
        "moduleName": "FirebaseCoreInternal",
        "objc_name": "FIRHeartbeatController",
        "declAttributes": [
          "AccessControl",
          "ObjCMembers",
          "ObjC",
          "RawDocComment"
        ],
        "superclassUsr": "c:objc(cs)NSObject",
        "superclassNames": [
          "ObjectiveC.NSObject"
        ],
        "conformances": [
          {
            "kind": "Conformance",
            "name": "Copyable",
            "printedName": "Copyable",
            "usr": "s:s8CopyableP",
            "mangledName": "$ss8CopyableP"
          },
          {
            "kind": "Conformance",
            "name": "Escapable",
            "printedName": "Escapable",
            "usr": "s:s9EscapableP",
            "mangledName": "$ss9EscapableP"
          },
          {
            "kind": "Conformance",
            "name": "Equatable",
            "printedName": "Equatable",
            "usr": "s:SQ",
            "mangledName": "$sSQ"
          },
          {
            "kind": "Conformance",
            "name": "Hashable",
            "printedName": "Hashable",
            "usr": "s:SH",
            "mangledName": "$sSH"
          },
          {
            "kind": "Conformance",
            "name": "CVarArg",
            "printedName": "CVarArg",
            "usr": "s:s7CVarArgP",
            "mangledName": "$ss7CVarArgP"
          },
          {
            "kind": "Conformance",
            "name": "_KeyValueCodingAndObservingPublishing",
            "printedName": "_KeyValueCodingAndObservingPublishing",
            "usr": "s:10Foundation37_KeyValueCodingAndObservingPublishingP",
            "mangledName": "$s10Foundation37_KeyValueCodingAndObservingPublishingP"
          },
          {
            "kind": "Conformance",
            "name": "_KeyValueCodingAndObserving",
            "printedName": "_KeyValueCodingAndObserving",
            "usr": "s:10Foundation27_KeyValueCodingAndObservingP",
            "mangledName": "$s10Foundation27_KeyValueCodingAndObservingP"
          },
          {
            "kind": "Conformance",
            "name": "CustomStringConvertible",
            "printedName": "CustomStringConvertible",
            "usr": "s:s23CustomStringConvertibleP",
            "mangledName": "$ss23CustomStringConvertibleP"
          },
          {
            "kind": "Conformance",
            "name": "CustomDebugStringConvertible",
            "printedName": "CustomDebugStringConvertible",
            "usr": "s:s28CustomDebugStringConvertibleP",
            "mangledName": "$ss28CustomDebugStringConvertibleP"
          }
        ]
      },
      {
        "kind": "Import",
        "name": "Foundation",
        "printedName": "Foundation",
        "declKind": "Import",
        "moduleName": "FirebaseCoreInternal",
        "declAttributes": [
          "RawDocComment"
        ]
      },
      {
        "kind": "TypeDecl",
        "name": "_ObjC_HeartbeatsPayload",
        "printedName": "_ObjC_HeartbeatsPayload",
        "children": [
          {
            "kind": "Constructor",
            "name": "init",
            "printedName": "init(_:)",
            "children": [
              {
                "kind": "TypeNominal",
                "name": "_ObjC_HeartbeatsPayload",
                "printedName": "FirebaseCoreInternal._ObjC_HeartbeatsPayload",
                "usr": "c:@M@FirebaseCoreInternal@objc(cs)FIRHeartbeatsPayload"
              },
              {
                "kind": "TypeNominal",
                "name": "HeartbeatsPayload",
                "printedName": "FirebaseCoreInternal.HeartbeatsPayload",
                "usr": "s:20FirebaseCoreInternal17HeartbeatsPayloadV"
              }
            ],
            "declKind": "Constructor",
            "usr": "s:20FirebaseCoreInternal23_ObjC_HeartbeatsPayloadCyAcA0eF0Vcfc",
            "mangledName": "$s20FirebaseCoreInternal23_ObjC_HeartbeatsPayloadCyAcA0eF0Vcfc",
            "moduleName": "FirebaseCoreInternal",
            "declAttributes": [
              "AccessControl",
              "RawDocComment"
            ],
            "init_kind": "Designated"
          },
          {
            "kind": "Function",
            "name": "headerValue",
            "printedName": "headerValue()",
            "children": [
              {
                "kind": "TypeNominal",
                "name": "String",
                "printedName": "Swift.String",
                "usr": "s:SS"
              }
            ],
            "declKind": "Func",
            "usr": "c:@M@FirebaseCoreInternal@objc(cs)FIRHeartbeatsPayload(im)headerValue",
            "mangledName": "$s20FirebaseCoreInternal23_ObjC_HeartbeatsPayloadC11headerValueSSyF",
            "moduleName": "FirebaseCoreInternal",
            "declAttributes": [
              "AccessControl",
              "ObjC",
              "RawDocComment"
            ],
            "funcSelfKind": "NonMutating"
          },
          {
            "kind": "Var",
            "name": "isEmpty",
            "printedName": "isEmpty",
            "children": [
              {
                "kind": "TypeNominal",
                "name": "Bool",
                "printedName": "Swift.Bool",
                "usr": "s:Sb"
              }
            ],
            "declKind": "Var",
            "usr": "c:@M@FirebaseCoreInternal@objc(cs)FIRHeartbeatsPayload(py)isEmpty",
            "mangledName": "$s20FirebaseCoreInternal23_ObjC_HeartbeatsPayloadC7isEmptySbvp",
            "moduleName": "FirebaseCoreInternal",
            "declAttributes": [
              "AccessControl",
              "ObjC",
              "RawDocComment"
            ],
            "accessors": [
              {
                "kind": "Accessor",
                "name": "Get",
                "printedName": "Get()",
                "children": [
                  {
                    "kind": "TypeNominal",
                    "name": "Bool",
                    "printedName": "Swift.Bool",
                    "usr": "s:Sb"
                  }
                ],
                "declKind": "Accessor",
                "usr": "c:@M@FirebaseCoreInternal@objc(cs)FIRHeartbeatsPayload(im)isEmpty",
                "mangledName": "$s20FirebaseCoreInternal23_ObjC_HeartbeatsPayloadC7isEmptySbvg",
                "moduleName": "FirebaseCoreInternal",
                "declAttributes": [
                  "ObjC"
                ],
                "accessorKind": "get"
              }
            ]
          },
          {
            "kind": "Constructor",
            "name": "init",
            "printedName": "init()",
            "children": [
              {
                "kind": "TypeNominal",
                "name": "_ObjC_HeartbeatsPayload",
                "printedName": "FirebaseCoreInternal._ObjC_HeartbeatsPayload",
                "usr": "c:@M@FirebaseCoreInternal@objc(cs)FIRHeartbeatsPayload"
              }
            ],
            "declKind": "Constructor",
            "usr": "c:@M@FirebaseCoreInternal@objc(cs)FIRHeartbeatsPayload(im)init",
            "mangledName": "$s20FirebaseCoreInternal23_ObjC_HeartbeatsPayloadCACycfc",
            "moduleName": "FirebaseCoreInternal",
            "overriding": true,
            "implicit": true,
            "objc_name": "init",
            "declAttributes": [
              "Dynamic",
              "ObjC",
              "Override"
            ],
            "init_kind": "Designated"
          }
        ],
        "declKind": "Class",
        "usr": "c:@M@FirebaseCoreInternal@objc(cs)FIRHeartbeatsPayload",
        "mangledName": "$s20FirebaseCoreInternal23_ObjC_HeartbeatsPayloadC",
        "moduleName": "FirebaseCoreInternal",
        "objc_name": "FIRHeartbeatsPayload",
        "declAttributes": [
          "AccessControl",
          "ObjC",
          "RawDocComment"
        ],
        "superclassUsr": "c:objc(cs)NSObject",
        "superclassNames": [
          "ObjectiveC.NSObject"
        ],
        "conformances": [
          {
            "kind": "Conformance",
            "name": "HTTPHeaderRepresentable",
            "printedName": "HTTPHeaderRepresentable",
            "usr": "s:20FirebaseCoreInternal23HTTPHeaderRepresentableP",
            "mangledName": "$s20FirebaseCoreInternal23HTTPHeaderRepresentableP"
          },
          {
            "kind": "Conformance",
            "name": "Copyable",
            "printedName": "Copyable",
            "usr": "s:s8CopyableP",
            "mangledName": "$ss8CopyableP"
          },
          {
            "kind": "Conformance",
            "name": "Escapable",
            "printedName": "Escapable",
            "usr": "s:s9EscapableP",
            "mangledName": "$ss9EscapableP"
          },
          {
            "kind": "Conformance",
            "name": "Equatable",
            "printedName": "Equatable",
            "usr": "s:SQ",
            "mangledName": "$sSQ"
          },
          {
            "kind": "Conformance",
            "name": "Hashable",
            "printedName": "Hashable",
            "usr": "s:SH",
            "mangledName": "$sSH"
          },
          {
            "kind": "Conformance",
            "name": "CVarArg",
            "printedName": "CVarArg",
            "usr": "s:s7CVarArgP",
            "mangledName": "$ss7CVarArgP"
          },
          {
            "kind": "Conformance",
            "name": "_KeyValueCodingAndObservingPublishing",
            "printedName": "_KeyValueCodingAndObservingPublishing",
            "usr": "s:10Foundation37_KeyValueCodingAndObservingPublishingP",
            "mangledName": "$s10Foundation37_KeyValueCodingAndObservingPublishingP"
          },
          {
            "kind": "Conformance",
            "name": "_KeyValueCodingAndObserving",
            "printedName": "_KeyValueCodingAndObserving",
            "usr": "s:10Foundation27_KeyValueCodingAndObservingP",
            "mangledName": "$s10Foundation27_KeyValueCodingAndObservingP"
          },
          {
            "kind": "Conformance",
            "name": "CustomStringConvertible",
            "printedName": "CustomStringConvertible",
            "usr": "s:s23CustomStringConvertibleP",
            "mangledName": "$ss23CustomStringConvertibleP"
          },
          {
            "kind": "Conformance",
            "name": "CustomDebugStringConvertible",
            "printedName": "CustomDebugStringConvertible",
            "usr": "s:s28CustomDebugStringConvertibleP",
            "mangledName": "$ss28CustomDebugStringConvertibleP"
          }
        ]
      },
      {
        "kind": "Import",
        "name": "Foundation",
        "printedName": "Foundation",
        "declKind": "Import",
        "moduleName": "FirebaseCoreInternal",
        "declAttributes": [
          "RawDocComment"
        ]
      },
      {
        "kind": "Import",
        "name": "Foundation",
        "printedName": "Foundation",
        "declKind": "Import",
        "moduleName": "FirebaseCoreInternal",
        "declAttributes": [
          "RawDocComment"
        ]
      },
      {
        "kind": "TypeDecl",
        "name": "HeartbeatController",
        "printedName": "HeartbeatController",
        "children": [
          {
            "kind": "Constructor",
            "name": "init",
            "printedName": "init(id:)",
            "children": [
              {
                "kind": "TypeNominal",
                "name": "HeartbeatController",
                "printedName": "FirebaseCoreInternal.HeartbeatController",
                "usr": "s:20FirebaseCoreInternal19HeartbeatControllerC"
              },
              {
                "kind": "TypeNominal",
                "name": "String",
                "printedName": "Swift.String",
                "usr": "s:SS"
              }
            ],
            "declKind": "Constructor",
            "usr": "s:20FirebaseCoreInternal19HeartbeatControllerC2idACSS_tcfc",
            "mangledName": "$s20FirebaseCoreInternal19HeartbeatControllerC2idACSS_tcfc",
            "moduleName": "FirebaseCoreInternal",
            "declAttributes": [
              "Convenience",
              "AccessControl",
              "RawDocComment"
            ],
            "init_kind": "Convenience"
          },
          {
            "kind": "Function",
            "name": "log",
            "printedName": "log(_:)",
            "children": [
              {
                "kind": "TypeNominal",
                "name": "Void",
                "printedName": "()"
              },
              {
                "kind": "TypeNominal",
                "name": "String",
                "printedName": "Swift.String",
                "usr": "s:SS"
              }
            ],
            "declKind": "Func",
            "usr": "s:20FirebaseCoreInternal19HeartbeatControllerC3logyySSF",
            "mangledName": "$s20FirebaseCoreInternal19HeartbeatControllerC3logyySSF",
            "moduleName": "FirebaseCoreInternal",
            "declAttributes": [
              "Final",
              "AccessControl",
              "RawDocComment"
            ],
            "funcSelfKind": "NonMutating"
          },
          {
            "kind": "Function",
            "name": "flush",
            "printedName": "flush()",
            "children": [
              {
                "kind": "TypeNominal",
                "name": "HeartbeatsPayload",
                "printedName": "FirebaseCoreInternal.HeartbeatsPayload",
                "usr": "s:20FirebaseCoreInternal17HeartbeatsPayloadV"
              }
            ],
            "declKind": "Func",
            "usr": "s:20FirebaseCoreInternal19HeartbeatControllerC5flushAA17HeartbeatsPayloadVyF",
            "mangledName": "$s20FirebaseCoreInternal19HeartbeatControllerC5flushAA17HeartbeatsPayloadVyF",
            "moduleName": "FirebaseCoreInternal",
            "declAttributes": [
              "Final",
              "AccessControl",
              "DiscardableResult",
              "RawDocComment"
            ],
            "funcSelfKind": "NonMutating"
          },
          {
            "kind": "Function",
            "name": "flushAsync",
            "printedName": "flushAsync(completionHandler:)",
            "children": [
              {
                "kind": "TypeNominal",
                "name": "Void",
                "printedName": "()"
              },
              {
                "kind": "TypeFunc",
                "name": "Function",
                "printedName": "(FirebaseCoreInternal.HeartbeatsPayload) -> ()",
                "children": [
                  {
                    "kind": "TypeNominal",
                    "name": "Void",
                    "printedName": "()"
                  },
                  {
                    "kind": "TypeNominal",
                    "name": "HeartbeatsPayload",
                    "printedName": "FirebaseCoreInternal.HeartbeatsPayload",
                    "usr": "s:20FirebaseCoreInternal17HeartbeatsPayloadV"
                  }
                ]
              }
            ],
            "declKind": "Func",
            "usr": "s:20FirebaseCoreInternal19HeartbeatControllerC10flushAsync17completionHandleryyAA17HeartbeatsPayloadVYbc_tF",
            "mangledName": "$s20FirebaseCoreInternal19HeartbeatControllerC10flushAsync17completionHandleryyAA17HeartbeatsPayloadVYbc_tF",
            "moduleName": "FirebaseCoreInternal",
            "declAttributes": [
              "Final",
              "AccessControl"
            ],
            "funcSelfKind": "NonMutating"
          },
          {
            "kind": "Function",
            "name": "flushHeartbeatFromToday",
            "printedName": "flushHeartbeatFromToday()",
            "children": [
              {
                "kind": "TypeNominal",
                "name": "HeartbeatsPayload",
                "printedName": "FirebaseCoreInternal.HeartbeatsPayload",
                "usr": "s:20FirebaseCoreInternal17HeartbeatsPayloadV"
              }
            ],
            "declKind": "Func",
            "usr": "s:20FirebaseCoreInternal19HeartbeatControllerC05flushD9FromTodayAA17HeartbeatsPayloadVyF",
            "mangledName": "$s20FirebaseCoreInternal19HeartbeatControllerC05flushD9FromTodayAA17HeartbeatsPayloadVyF",
            "moduleName": "FirebaseCoreInternal",
            "declAttributes": [
              "Final",
              "AccessControl",
              "DiscardableResult",
              "RawDocComment"
            ],
            "funcSelfKind": "NonMutating"
          }
        ],
        "declKind": "Class",
        "usr": "s:20FirebaseCoreInternal19HeartbeatControllerC",
        "mangledName": "$s20FirebaseCoreInternal19HeartbeatControllerC",
        "moduleName": "FirebaseCoreInternal",
        "declAttributes": [
          "Final",
          "AccessControl",
          "RawDocComment"
        ],
        "hasMissingDesignatedInitializers": true,
        "conformances": [
          {
            "kind": "Conformance",
            "name": "Copyable",
            "printedName": "Copyable",
            "usr": "s:s8CopyableP",
            "mangledName": "$ss8CopyableP"
          },
          {
            "kind": "Conformance",
            "name": "Escapable",
            "printedName": "Escapable",
            "usr": "s:s9EscapableP",
            "mangledName": "$ss9EscapableP"
          },
          {
            "kind": "Conformance",
            "name": "Sendable",
            "printedName": "Sendable",
            "usr": "s:s8SendableP",
            "mangledName": "$ss8SendableP"
          },
          {
            "kind": "Conformance",
            "name": "SendableMetatype",
            "printedName": "SendableMetatype",
            "usr": "s:s16SendableMetatypeP",
            "mangledName": "$ss16SendableMetatypeP"
          }
        ]
      },
      {
        "kind": "Import",
        "name": "Foundation",
        "printedName": "Foundation",
        "declKind": "Import",
        "moduleName": "FirebaseCoreInternal",
        "declAttributes": [
          "RawDocComment"
        ]
      },
      {
        "kind": "Import",
        "name": "Foundation",
        "printedName": "Foundation",
        "declKind": "Import",
        "moduleName": "FirebaseCoreInternal",
        "declAttributes": [
          "RawDocComment"
        ]
      },
      {
        "kind": "Import",
        "name": "GoogleUtilities",
        "printedName": "GoogleUtilities",
        "declKind": "Import",
        "moduleName": "FirebaseCoreInternal",
        "declAttributes": [
          "AccessControl"
        ]
      },
      {
        "kind": "TypeDecl",
        "name": "HTTPHeaderRepresentable",
        "printedName": "HTTPHeaderRepresentable",
        "children": [
          {
            "kind": "Function",
            "name": "headerValue",
            "printedName": "headerValue()",
            "children": [
              {
                "kind": "TypeNominal",
                "name": "String",
                "printedName": "Swift.String",
                "usr": "s:SS"
              }
            ],
            "declKind": "Func",
            "usr": "s:20FirebaseCoreInternal23HTTPHeaderRepresentableP11headerValueSSyF",
            "mangledName": "$s20FirebaseCoreInternal23HTTPHeaderRepresentableP11headerValueSSyF",
            "moduleName": "FirebaseCoreInternal",
            "genericSig": "<τ_0_0 where τ_0_0 : FirebaseCoreInternal.HTTPHeaderRepresentable>",
            "sugared_genericSig": "<Self where Self : FirebaseCoreInternal.HTTPHeaderRepresentable>",
            "protocolReq": true,
            "reqNewWitnessTableEntry": true,
            "funcSelfKind": "NonMutating"
          }
        ],
        "declKind": "Protocol",
        "usr": "s:20FirebaseCoreInternal23HTTPHeaderRepresentableP",
        "mangledName": "$s20FirebaseCoreInternal23HTTPHeaderRepresentableP",
        "moduleName": "FirebaseCoreInternal",
        "declAttributes": [
          "AccessControl",
          "RawDocComment"
        ],
        "conformances": [
          {
            "kind": "Conformance",
            "name": "Escapable",
            "printedName": "Escapable",
            "usr": "s:s9EscapableP",
            "mangledName": "$ss9EscapableP"
          },
          {
            "kind": "Conformance",
            "name": "Copyable",
            "printedName": "Copyable",
            "usr": "s:s8CopyableP",
            "mangledName": "$ss8CopyableP"
          }
        ]
      },
      {
        "kind": "TypeDecl",
        "name": "HeartbeatsPayload",
        "printedName": "HeartbeatsPayload",
        "children": [
          {
            "kind": "Var",
            "name": "isEmpty",
            "printedName": "isEmpty",
            "children": [
              {
                "kind": "TypeNominal",
                "name": "Bool",
                "printedName": "Swift.Bool",
                "usr": "s:Sb"
              }
            ],
            "declKind": "Var",
            "usr": "s:20FirebaseCoreInternal17HeartbeatsPayloadV7isEmptySbvp",
            "mangledName": "$s20FirebaseCoreInternal17HeartbeatsPayloadV7isEmptySbvp",
            "moduleName": "FirebaseCoreInternal",
            "declAttributes": [
              "AccessControl",
              "RawDocComment"
            ],
            "accessors": [
              {
                "kind": "Accessor",
                "name": "Get",
                "printedName": "Get()",
                "children": [
                  {
                    "kind": "TypeNominal",
                    "name": "Bool",
                    "printedName": "Swift.Bool",
                    "usr": "s:Sb"
                  }
                ],
                "declKind": "Accessor",
                "usr": "s:20FirebaseCoreInternal17HeartbeatsPayloadV7isEmptySbvg",
                "mangledName": "$s20FirebaseCoreInternal17HeartbeatsPayloadV7isEmptySbvg",
                "moduleName": "FirebaseCoreInternal",
                "accessorKind": "get"
              }
            ]
          },
          {
            "kind": "Constructor",
            "name": "init",
            "printedName": "init(from:)",
            "children": [
              {
                "kind": "TypeNominal",
                "name": "HeartbeatsPayload",
                "printedName": "FirebaseCoreInternal.HeartbeatsPayload",
                "usr": "s:20FirebaseCoreInternal17HeartbeatsPayloadV"
              },
              {
                "kind": "TypeNominal",
                "name": "Decoder",
                "printedName": "any Swift.Decoder",
                "usr": "s:s7DecoderP"
              }
            ],
            "declKind": "Constructor",
            "usr": "s:20FirebaseCoreInternal17HeartbeatsPayloadV4fromACs7Decoder_p_tKcfc",
            "mangledName": "$s20FirebaseCoreInternal17HeartbeatsPayloadV4fromACs7Decoder_p_tKcfc",
            "moduleName": "FirebaseCoreInternal",
            "implicit": true,
            "throwing": true,
            "init_kind": "Designated"
          },
          {
            "kind": "Function",
            "name": "encode",
            "printedName": "encode(to:)",
            "children": [
              {
                "kind": "TypeNominal",
                "name": "Void",
                "printedName": "()"
              },
              {
                "kind": "TypeNominal",
                "name": "Encoder",
                "printedName": "any Swift.Encoder",
                "usr": "s:s7EncoderP"
              }
            ],
            "declKind": "Func",
            "usr": "s:20FirebaseCoreInternal17HeartbeatsPayloadV6encode2toys7Encoder_p_tKF",
            "mangledName": "$s20FirebaseCoreInternal17HeartbeatsPayloadV6encode2toys7Encoder_p_tKF",
            "moduleName": "FirebaseCoreInternal",
            "implicit": true,
            "throwing": true,
            "funcSelfKind": "NonMutating"
          },
          {
            "kind": "Function",
            "name": "headerValue",
            "printedName": "headerValue()",
            "children": [
              {
                "kind": "TypeNominal",
                "name": "String",
                "printedName": "Swift.String",
                "usr": "s:SS"
              }
            ],
            "declKind": "Func",
            "usr": "s:20FirebaseCoreInternal17HeartbeatsPayloadV11headerValueSSyF",
            "mangledName": "$s20FirebaseCoreInternal17HeartbeatsPayloadV11headerValueSSyF",
            "moduleName": "FirebaseCoreInternal",
            "declAttributes": [
              "AccessControl",
              "RawDocComment"
            ],
            "isFromExtension": true,
            "funcSelfKind": "NonMutating"
          },
          {
            "kind": "Var",
            "name": "dateFormatter",
            "printedName": "dateFormatter",
            "children": [
              {
                "kind": "TypeNominal",
                "name": "DateFormatter",
                "printedName": "Foundation.DateFormatter",
                "usr": "c:objc(cs)NSDateFormatter"
              }
            ],
            "declKind": "Var",
            "usr": "s:20FirebaseCoreInternal17HeartbeatsPayloadV13dateFormatterSo06NSDateG0CvpZ",
            "mangledName": "$s20FirebaseCoreInternal17HeartbeatsPayloadV13dateFormatterSo06NSDateG0CvpZ",
            "moduleName": "FirebaseCoreInternal",
            "static": true,
            "declAttributes": [
              "HasInitialValue",
              "HasStorage",
              "AccessControl",
              "RawDocComment"
            ],
            "isFromExtension": true,
            "isLet": true,
            "hasStorage": true,
            "accessors": [
              {
                "kind": "Accessor",
                "name": "Get",
                "printedName": "Get()",
                "children": [
                  {
                    "kind": "TypeNominal",
                    "name": "DateFormatter",
                    "printedName": "Foundation.DateFormatter",
                    "usr": "c:objc(cs)NSDateFormatter"
                  }
                ],
                "declKind": "Accessor",
                "usr": "s:20FirebaseCoreInternal17HeartbeatsPayloadV13dateFormatterSo06NSDateG0CvgZ",
                "mangledName": "$s20FirebaseCoreInternal17HeartbeatsPayloadV13dateFormatterSo06NSDateG0CvgZ",
                "moduleName": "FirebaseCoreInternal",
                "static": true,
                "implicit": true,
                "isFromExtension": true,
                "accessorKind": "get"
              }
            ]
          },
          {
            "kind": "Function",
            "name": "==",
            "printedName": "==(_:_:)",
            "children": [
              {
                "kind": "TypeNominal",
                "name": "Bool",
                "printedName": "Swift.Bool",
                "usr": "s:Sb"
              },
              {
                "kind": "TypeNominal",
                "name": "HeartbeatsPayload",
                "printedName": "FirebaseCoreInternal.HeartbeatsPayload",
                "usr": "s:20FirebaseCoreInternal17HeartbeatsPayloadV"
              },
              {
                "kind": "TypeNominal",
                "name": "HeartbeatsPayload",
                "printedName": "FirebaseCoreInternal.HeartbeatsPayload",
                "usr": "s:20FirebaseCoreInternal17HeartbeatsPayloadV"
              }
            ],
            "declKind": "Func",
            "usr": "s:20FirebaseCoreInternal17HeartbeatsPayloadV2eeoiySbAC_ACtFZ",
            "mangledName": "$s20FirebaseCoreInternal17HeartbeatsPayloadV2eeoiySbAC_ACtFZ",
            "moduleName": "FirebaseCoreInternal",
            "static": true,
            "implicit": true,
            "isFromExtension": true,
            "funcSelfKind": "NonMutating"
          }
        ],
        "declKind": "Struct",
        "usr": "s:20FirebaseCoreInternal17HeartbeatsPayloadV",
        "mangledName": "$s20FirebaseCoreInternal17HeartbeatsPayloadV",
        "moduleName": "FirebaseCoreInternal",
        "declAttributes": [
          "AccessControl",
          "RawDocComment"
        ],
        "conformances": [
          {
            "kind": "Conformance",
            "name": "Copyable",
            "printedName": "Copyable",
            "usr": "s:s8CopyableP",
            "mangledName": "$ss8CopyableP"
          },
          {
            "kind": "Conformance",
            "name": "Escapable",
            "printedName": "Escapable",
            "usr": "s:s9EscapableP",
            "mangledName": "$ss9EscapableP"
          },
          {
            "kind": "Conformance",
            "name": "Decodable",
            "printedName": "Decodable",
            "usr": "s:Se",
            "mangledName": "$sSe"
          },
          {
            "kind": "Conformance",
            "name": "Encodable",
            "printedName": "Encodable",
            "usr": "s:SE",
            "mangledName": "$sSE"
          },
          {
            "kind": "Conformance",
            "name": "Sendable",
            "printedName": "Sendable",
            "usr": "s:s8SendableP",
            "mangledName": "$ss8SendableP"
          },
          {
            "kind": "Conformance",
            "name": "SendableMetatype",
            "printedName": "SendableMetatype",
            "usr": "s:s16SendableMetatypeP",
            "mangledName": "$ss16SendableMetatypeP"
          },
          {
            "kind": "Conformance",
            "name": "HTTPHeaderRepresentable",
            "printedName": "HTTPHeaderRepresentable",
            "usr": "s:20FirebaseCoreInternal23HTTPHeaderRepresentableP",
            "mangledName": "$s20FirebaseCoreInternal23HTTPHeaderRepresentableP"
          },
          {
            "kind": "Conformance",
            "name": "Equatable",
            "printedName": "Equatable",
            "usr": "s:SQ",
            "mangledName": "$sSQ"
          }
        ]
      },
      {
        "kind": "Import",
        "name": "Foundation",
        "printedName": "Foundation",
        "declKind": "Import",
        "moduleName": "FirebaseCoreInternal",
        "declAttributes": [
          "RawDocComment"
        ]
      },
      {
        "kind": "Import",
        "name": "Foundation",
        "printedName": "Foundation",
        "declKind": "Import",
        "moduleName": "FirebaseCoreInternal",
        "declAttributes": [
          "RawDocComment"
        ]
      },
      {
        "kind": "Import",
        "name": "Foundation",
        "printedName": "Foundation",
        "declKind": "Import",
        "moduleName": "FirebaseCoreInternal",
        "declAttributes": [
          "RawDocComment"
        ]
      },
      {
        "kind": "Import",
        "name": "Foundation",
        "printedName": "Foundation",
        "declKind": "Import",
        "moduleName": "FirebaseCoreInternal",
        "declAttributes": [
          "RawDocComment"
        ]
      },
      {
        "kind": "Import",
        "name": "Foundation",
        "printedName": "Foundation",
        "declKind": "Import",
        "moduleName": "FirebaseCoreInternal",
        "declAttributes": [
          "RawDocComment"
        ]
      },
      {
        "kind": "Import",
        "name": "os.lock",
        "printedName": "os.lock",
        "declKind": "Import",
        "moduleName": "FirebaseCoreInternal",
        "declAttributes": [
          "AccessControl"
        ]
      },
      {
        "kind": "TypeDecl",
        "name": "UnfairLock",
        "printedName": "UnfairLock",
        "children": [
          {
            "kind": "Constructor",
            "name": "init",
            "printedName": "init(_:)",
            "children": [
              {
                "kind": "TypeNominal",
                "name": "UnfairLock",
                "printedName": "FirebaseCoreInternal.UnfairLock<τ_0_0>",
                "children": [
                  {
                    "kind": "TypeNominal",
                    "name": "GenericTypeParam",
                    "printedName": "τ_0_0"
                  }
                ],
                "usr": "s:20FirebaseCoreInternal10UnfairLockC"
              },
              {
                "kind": "TypeNominal",
                "name": "GenericTypeParam",
                "printedName": "τ_0_0",
                "paramValueOwnership": "Owned"
              }
            ],
            "declKind": "Constructor",
            "usr": "s:20FirebaseCoreInternal10UnfairLockCyACyxGxcfc",
            "mangledName": "$s20FirebaseCoreInternal10UnfairLockCyACyxGxcfc",
            "moduleName": "FirebaseCoreInternal",
            "genericSig": "<τ_0_0>",
            "sugared_genericSig": "<Value>",
            "declAttributes": [
              "AccessControl"
            ],
            "init_kind": "Designated"
          },
          {
            "kind": "Function",
            "name": "value",
            "printedName": "value()",
            "children": [
              {
                "kind": "TypeNominal",
                "name": "GenericTypeParam",
                "printedName": "τ_0_0"
              }
            ],
            "declKind": "Func",
            "usr": "s:20FirebaseCoreInternal10UnfairLockC5valuexyF",
            "mangledName": "$s20FirebaseCoreInternal10UnfairLockC5valuexyF",
            "moduleName": "FirebaseCoreInternal",
            "genericSig": "<τ_0_0>",
            "sugared_genericSig": "<Value>",
            "declAttributes": [
              "Final",
              "AccessControl"
            ],
            "funcSelfKind": "NonMutating"
          },
          {
            "kind": "Function",
            "name": "withLock",
            "printedName": "withLock(_:)",
            "children": [
              {
                "kind": "TypeNominal",
                "name": "GenericTypeParam",
                "printedName": "τ_1_0"
              },
              {
                "kind": "TypeFunc",
                "name": "Function",
                "printedName": "(inout sending τ_0_0) throws -> sending τ_1_0",
                "children": [
                  {
                    "kind": "TypeNominal",
                    "name": "GenericTypeParam",
                    "printedName": "τ_1_0"
                  },
                  {
                    "kind": "TypeNominal",
                    "name": "GenericTypeParam",
                    "printedName": "τ_0_0"
                  }
                ],
                "typeAttributes": [
                  "noescape"
                ]
              }
            ],
            "declKind": "Func",
            "usr": "s:20FirebaseCoreInternal10UnfairLockC04withE0yqd__qd__xzYuKYTXEKlF",
            "mangledName": "$s20FirebaseCoreInternal10UnfairLockC04withE0yqd__qd__xzYuKYTXEKlF",
            "moduleName": "FirebaseCoreInternal",
            "genericSig": "<τ_0_0, τ_1_0>",
            "sugared_genericSig": "<Value, Result>",
            "declAttributes": [
              "Final",
              "Rethrows",
              "Borrowing",
              "AccessControl",
              "DiscardableResult"
            ],
            "throwing": true,
            "funcSelfKind": "Borrowing"
          },
          {
            "kind": "Function",
            "name": "withLock",
            "printedName": "withLock(_:)",
            "children": [
              {
                "kind": "TypeNominal",
                "name": "GenericTypeParam",
                "printedName": "τ_1_0"
              },
              {
                "kind": "TypeFunc",
                "name": "Function",
                "printedName": "(inout sending τ_0_0) -> sending τ_1_0",
                "children": [
                  {
                    "kind": "TypeNominal",
                    "name": "GenericTypeParam",
                    "printedName": "τ_1_0"
                  },
                  {
                    "kind": "TypeNominal",
                    "name": "GenericTypeParam",
                    "printedName": "τ_0_0"
                  }
                ],
                "typeAttributes": [
                  "noescape"
                ]
              }
            ],
            "declKind": "Func",
            "usr": "s:20FirebaseCoreInternal10UnfairLockC04withE0yqd__qd__xzYuYTXElF",
            "mangledName": "$s20FirebaseCoreInternal10UnfairLockC04withE0yqd__qd__xzYuYTXElF",
            "moduleName": "FirebaseCoreInternal",
            "genericSig": "<τ_0_0, τ_1_0>",
            "sugared_genericSig": "<Value, Result>",
            "declAttributes": [
              "Final",
              "Borrowing",
              "AccessControl",
              "DiscardableResult"
            ],
            "funcSelfKind": "Borrowing"
          }
        ],
        "declKind": "Class",
        "usr": "s:20FirebaseCoreInternal10UnfairLockC",
        "mangledName": "$s20FirebaseCoreInternal10UnfairLockC",
        "moduleName": "FirebaseCoreInternal",
        "genericSig": "<τ_0_0>",
        "sugared_genericSig": "<Value>",
        "declAttributes": [
          "Final",
          "AccessControl",
          "RawDocComment"
        ],
        "conformances": [
          {
            "kind": "Conformance",
            "name": "Copyable",
            "printedName": "Copyable",
            "usr": "s:s8CopyableP",
            "mangledName": "$ss8CopyableP"
          },
          {
            "kind": "Conformance",
            "name": "Escapable",
            "printedName": "Escapable",
            "usr": "s:s9EscapableP",
            "mangledName": "$ss9EscapableP"
          },
          {
            "kind": "Conformance",
            "name": "Sendable",
            "printedName": "Sendable",
            "usr": "s:s8SendableP",
            "mangledName": "$ss8SendableP"
          },
          {
            "kind": "Conformance",
            "name": "SendableMetatype",
            "printedName": "SendableMetatype",
            "usr": "s:s16SendableMetatypeP",
            "mangledName": "$ss16SendableMetatypeP"
          }
        ]
      },
      {
        "kind": "Import",
        "name": "Foundation",
        "printedName": "Foundation",
        "declKind": "Import",
        "moduleName": "FirebaseCoreInternal",
        "declAttributes": [
          "RawDocComment"
        ]
      },
      {
        "kind": "TypeDecl",
        "name": "Data",
        "printedName": "Data",
        "children": [
          {
            "kind": "Function",
            "name": "base64URLEncodedString",
            "printedName": "base64URLEncodedString(options:)",
            "children": [
              {
                "kind": "TypeNominal",
                "name": "String",
                "printedName": "Swift.String",
                "usr": "s:SS"
              },
              {
                "kind": "TypeNominal",
                "name": "Base64EncodingOptions",
                "printedName": "Foundation.NSData.Base64EncodingOptions",
                "hasDefaultArg": true,
                "usr": "c:@E@NSDataBase64EncodingOptions"
              }
            ],
            "declKind": "Func",
            "usr": "s:10Foundation4DataV20FirebaseCoreInternalE22base64URLEncodedString7optionsSSSo27NSDataBase64EncodingOptionsV_tF",
            "mangledName": "$s10Foundation4DataV20FirebaseCoreInternalE22base64URLEncodedString7optionsSSSo27NSDataBase64EncodingOptionsV_tF",
            "moduleName": "FirebaseCoreInternal",
            "declAttributes": [
              "RawDocComment"
            ],
            "isFromExtension": true,
            "funcSelfKind": "NonMutating"
          },
          {
            "kind": "Constructor",
            "name": "init",
            "printedName": "init(base64URLEncoded:options:)",
            "children": [
              {
                "kind": "TypeNominal",
                "name": "Optional",
                "printedName": "Foundation.Data?",
                "children": [
                  {
                    "kind": "TypeNominal",
                    "name": "Data",
                    "printedName": "Foundation.Data",
                    "usr": "s:10Foundation4DataV"
                  }
                ],
                "usr": "s:Sq"
              },
              {
                "kind": "TypeNominal",
                "name": "String",
                "printedName": "Swift.String",
                "usr": "s:SS"
              },
              {
                "kind": "TypeNominal",
                "name": "Base64DecodingOptions",
                "printedName": "Foundation.NSData.Base64DecodingOptions",
                "hasDefaultArg": true,
                "usr": "c:@E@NSDataBase64DecodingOptions"
              }
            ],
            "declKind": "Constructor",
            "usr": "s:10Foundation4DataV20FirebaseCoreInternalE16base64URLEncoded7optionsACSgSS_So27NSDataBase64DecodingOptionsVtcfc",
            "mangledName": "$s10Foundation4DataV20FirebaseCoreInternalE16base64URLEncoded7optionsACSgSS_So27NSDataBase64DecodingOptionsVtcfc",
            "moduleName": "FirebaseCoreInternal",
            "declAttributes": [
              "RawDocComment"
            ],
            "isFromExtension": true,
            "init_kind": "Designated"
          },
          {
            "kind": "Function",
            "name": "zipped",
            "printedName": "zipped()",
            "children": [
              {
                "kind": "TypeNominal",
                "name": "Data",
                "printedName": "Foundation.Data",
                "usr": "s:10Foundation4DataV"
              }
            ],
            "declKind": "Func",
            "usr": "s:10Foundation4DataV20FirebaseCoreInternalE6zippedACyKF",
            "mangledName": "$s10Foundation4DataV20FirebaseCoreInternalE6zippedACyKF",
            "moduleName": "FirebaseCoreInternal",
            "declAttributes": [
              "RawDocComment"
            ],
            "isFromExtension": true,
            "throwing": true,
            "funcSelfKind": "NonMutating"
          },
          {
            "kind": "Function",
            "name": "unzipped",
            "printedName": "unzipped()",
            "children": [
              {
                "kind": "TypeNominal",
                "name": "Data",
                "printedName": "Foundation.Data",
                "usr": "s:10Foundation4DataV"
              }
            ],
            "declKind": "Func",
            "usr": "s:10Foundation4DataV20FirebaseCoreInternalE8unzippedACyKF",
            "mangledName": "$s10Foundation4DataV20FirebaseCoreInternalE8unzippedACyKF",
            "moduleName": "FirebaseCoreInternal",
            "declAttributes": [
              "RawDocComment"
            ],
            "isFromExtension": true,
            "throwing": true,
            "funcSelfKind": "NonMutating"
          }
        ],
        "declKind": "Struct",
        "usr": "s:10Foundation4DataV",
        "mangledName": "$s10Foundation4DataV",
        "moduleName": "Foundation",
        "intro_Macosx": "10.10",
        "intro_iOS": "8.0",
        "intro_tvOS": "9.0",
        "intro_watchOS": "2.0",
        "declAttributes": [
          "AddressableForDependencies",
          "Frozen",
          "Available",
          "Available",
          "Available",
          "Available"
        ],
        "isExternal": true,
        "conformances": [
          {
            "kind": "Conformance",
            "name": "Equatable",
            "printedName": "Equatable",
            "usr": "s:SQ",
            "mangledName": "$sSQ"
          },
          {
            "kind": "Conformance",
            "name": "Hashable",
            "printedName": "Hashable",
            "usr": "s:SH",
            "mangledName": "$sSH"
          },
          {
            "kind": "Conformance",
            "name": "RandomAccessCollection",
            "printedName": "RandomAccessCollection",
            "children": [
              {
                "kind": "TypeWitness",
                "name": "Element",
                "printedName": "Element",
                "children": [
                  {
                    "kind": "TypeNominal",
                    "name": "UInt8",
                    "printedName": "Swift.UInt8",
                    "usr": "s:s5UInt8V"
                  }
                ]
              },
              {
                "kind": "TypeWitness",
                "name": "Index",
                "printedName": "Index",
                "children": [
                  {
                    "kind": "TypeNominal",
                    "name": "Int",
                    "printedName": "Swift.Int",
                    "usr": "s:Si"
                  }
                ]
              },
              {
                "kind": "TypeWitness",
                "name": "SubSequence",
                "printedName": "SubSequence",
                "children": [
                  {
                    "kind": "TypeNominal",
                    "name": "Data",
                    "printedName": "Foundation.Data",
                    "usr": "s:10Foundation4DataV"
                  }
                ]
              },
              {
                "kind": "TypeWitness",
                "name": "Indices",
                "printedName": "Indices",
                "children": [
                  {
                    "kind": "TypeNominal",
                    "name": "Range",
                    "printedName": "Swift.Range<Swift.Int>",
                    "children": [
                      {
                        "kind": "TypeNominal",
                        "name": "Int",
                        "printedName": "Swift.Int",
                        "usr": "s:Si"
                      }
                    ],
                    "usr": "s:Sn"
                  }
                ]
              }
            ],
            "usr": "s:Sk",
            "mangledName": "$sSk"
          },
          {
            "kind": "Conformance",
            "name": "MutableCollection",
            "printedName": "MutableCollection",
            "children": [
              {
                "kind": "TypeWitness",
                "name": "Element",
                "printedName": "Element",
                "children": [
                  {
                    "kind": "TypeNominal",
                    "name": "UInt8",
                    "printedName": "Swift.UInt8",
                    "usr": "s:s5UInt8V"
                  }
                ]
              },
              {
                "kind": "TypeWitness",
                "name": "Index",
                "printedName": "Index",
                "children": [
                  {
                    "kind": "TypeNominal",
                    "name": "Int",
                    "printedName": "Swift.Int",
                    "usr": "s:Si"
                  }
                ]
              },
              {
                "kind": "TypeWitness",
                "name": "SubSequence",
                "printedName": "SubSequence",
                "children": [
                  {
                    "kind": "TypeNominal",
                    "name": "Data",
                    "printedName": "Foundation.Data",
                    "usr": "s:10Foundation4DataV"
                  }
                ]
              }
            ],
            "usr": "s:SM",
            "mangledName": "$sSM"
          },
          {
            "kind": "Conformance",
            "name": "RangeReplaceableCollection",
            "printedName": "RangeReplaceableCollection",
            "children": [
              {
                "kind": "TypeWitness",
                "name": "SubSequence",
                "printedName": "SubSequence",
                "children": [
                  {
                    "kind": "TypeNominal",
                    "name": "Data",
                    "printedName": "Foundation.Data",
                    "usr": "s:10Foundation4DataV"
                  }
                ]
              }
            ],
            "usr": "s:Sm",
            "mangledName": "$sSm"
          },
          {
            "kind": "Conformance",
            "name": "MutableDataProtocol",
            "printedName": "MutableDataProtocol",
            "usr": "s:10Foundation19MutableDataProtocolP",
            "mangledName": "$s10Foundation19MutableDataProtocolP"
          },
          {
            "kind": "Conformance",
            "name": "ContiguousBytes",
            "printedName": "ContiguousBytes",
            "usr": "s:10Foundation15ContiguousBytesP",
            "mangledName": "$s10Foundation15ContiguousBytesP"
          },
          {
            "kind": "Conformance",
            "name": "Sendable",
            "printedName": "Sendable",
            "usr": "s:s8SendableP",
            "mangledName": "$ss8SendableP"
          },
          {
            "kind": "Conformance",
            "name": "BidirectionalCollection",
            "printedName": "BidirectionalCollection",
            "children": [
              {
                "kind": "TypeWitness",
                "name": "Element",
                "printedName": "Element",
                "children": [
                  {
                    "kind": "TypeNominal",
                    "name": "UInt8",
                    "printedName": "Swift.UInt8",
                    "usr": "s:s5UInt8V"
                  }
                ]
              },
              {
                "kind": "TypeWitness",
                "name": "Index",
                "printedName": "Index",
                "children": [
                  {
                    "kind": "TypeNominal",
                    "name": "Int",
                    "printedName": "Swift.Int",
                    "usr": "s:Si"
                  }
                ]
              },
              {
                "kind": "TypeWitness",
                "name": "SubSequence",
                "printedName": "SubSequence",
                "children": [
                  {
                    "kind": "TypeNominal",
                    "name": "Data",
                    "printedName": "Foundation.Data",
                    "usr": "s:10Foundation4DataV"
                  }
                ]
              },
              {
                "kind": "TypeWitness",
                "name": "Indices",
                "printedName": "Indices",
                "children": [
                  {
                    "kind": "TypeNominal",
                    "name": "Range",
                    "printedName": "Swift.Range<Swift.Int>",
                    "children": [
                      {
                        "kind": "TypeNominal",
                        "name": "Int",
                        "printedName": "Swift.Int",
                        "usr": "s:Si"
                      }
                    ],
                    "usr": "s:Sn"
                  }
                ]
              }
            ],
            "usr": "s:SK",
            "mangledName": "$sSK"
          },
          {
            "kind": "Conformance",
            "name": "Collection",
            "printedName": "Collection",
            "children": [
              {
                "kind": "TypeWitness",
                "name": "Element",
                "printedName": "Element",
                "children": [
                  {
                    "kind": "TypeNominal",
                    "name": "UInt8",
                    "printedName": "Swift.UInt8",
                    "usr": "s:s5UInt8V"
                  }
                ]
              },
              {
                "kind": "TypeWitness",
                "name": "Index",
                "printedName": "Index",
                "children": [
                  {
                    "kind": "TypeNominal",
                    "name": "Int",
                    "printedName": "Swift.Int",
                    "usr": "s:Si"
                  }
                ]
              },
              {
                "kind": "TypeWitness",
                "name": "Iterator",
                "printedName": "Iterator",
                "children": [
                  {
                    "kind": "TypeNominal",
                    "name": "Iterator",
                    "printedName": "Foundation.Data.Iterator",
                    "usr": "s:10Foundation4DataV8IteratorV"
                  }
                ]
              },
              {
                "kind": "TypeWitness",
                "name": "SubSequence",
                "printedName": "SubSequence",
                "children": [
                  {
                    "kind": "TypeNominal",
                    "name": "Data",
                    "printedName": "Foundation.Data",
                    "usr": "s:10Foundation4DataV"
                  }
                ]
              },
              {
                "kind": "TypeWitness",
                "name": "Indices",
                "printedName": "Indices",
                "children": [
                  {
                    "kind": "TypeNominal",
                    "name": "Range",
                    "printedName": "Swift.Range<Swift.Int>",
                    "children": [
                      {
                        "kind": "TypeNominal",
                        "name": "Int",
                        "printedName": "Swift.Int",
                        "usr": "s:Si"
                      }
                    ],
                    "usr": "s:Sn"
                  }
                ]
              }
            ],
            "usr": "s:Sl",
            "mangledName": "$sSl"
          },
          {
            "kind": "Conformance",
            "name": "DataProtocol",
            "printedName": "DataProtocol",
            "children": [
              {
                "kind": "TypeWitness",
                "name": "Regions",
                "printedName": "Regions",
                "children": [
                  {
                    "kind": "TypeNominal",
                    "name": "CollectionOfOne",
                    "printedName": "Swift.CollectionOfOne<Foundation.Data>",
                    "children": [
                      {
                        "kind": "TypeNominal",
                        "name": "Data",
                        "printedName": "Foundation.Data",
                        "usr": "s:10Foundation4DataV"
                      }
                    ],
                    "usr": "s:s15CollectionOfOneV"
                  }
                ]
              }
            ],
            "usr": "s:10Foundation12DataProtocolP",
            "mangledName": "$s10Foundation12DataProtocolP"
          },
          {
            "kind": "Conformance",
            "name": "SendableMetatype",
            "printedName": "SendableMetatype",
            "usr": "s:s16SendableMetatypeP",
            "mangledName": "$ss16SendableMetatypeP"
          },
          {
            "kind": "Conformance",
            "name": "Sequence",
            "printedName": "Sequence",
            "children": [
              {
                "kind": "TypeWitness",
                "name": "Element",
                "printedName": "Element",
                "children": [
                  {
                    "kind": "TypeNominal",
                    "name": "UInt8",
                    "printedName": "Swift.UInt8",
                    "usr": "s:s5UInt8V"
                  }
                ]
              },
              {
                "kind": "TypeWitness",
                "name": "Iterator",
                "printedName": "Iterator",
                "children": [
                  {
                    "kind": "TypeNominal",
                    "name": "Iterator",
                    "printedName": "Foundation.Data.Iterator",
                    "usr": "s:10Foundation4DataV8IteratorV"
                  }
                ]
              }
            ],
            "usr": "s:ST",
            "mangledName": "$sST"
          },
          {
            "kind": "Conformance",
            "name": "Copyable",
            "printedName": "Copyable",
            "usr": "s:s8CopyableP",
            "mangledName": "$ss8CopyableP"
          },
          {
            "kind": "Conformance",
            "name": "Escapable",
            "printedName": "Escapable",
            "usr": "s:s9EscapableP",
            "mangledName": "$ss9EscapableP"
          },
          {
            "kind": "Conformance",
            "name": "CustomStringConvertible",
            "printedName": "CustomStringConvertible",
            "usr": "s:s23CustomStringConvertibleP",
            "mangledName": "$ss23CustomStringConvertibleP"
          },
          {
            "kind": "Conformance",
            "name": "CustomDebugStringConvertible",
            "printedName": "CustomDebugStringConvertible",
            "usr": "s:s28CustomDebugStringConvertibleP",
            "mangledName": "$ss28CustomDebugStringConvertibleP"
          },
          {
            "kind": "Conformance",
            "name": "CustomReflectable",
            "printedName": "CustomReflectable",
            "usr": "s:s17CustomReflectableP",
            "mangledName": "$ss17CustomReflectableP"
          },
          {
            "kind": "Conformance",
            "name": "Decodable",
            "printedName": "Decodable",
            "usr": "s:Se",
            "mangledName": "$sSe"
          },
          {
            "kind": "Conformance",
            "name": "Encodable",
            "printedName": "Encodable",
            "usr": "s:SE",
            "mangledName": "$sSE"
          },
          {
            "kind": "Conformance",
            "name": "ReferenceConvertible",
            "printedName": "ReferenceConvertible",
            "children": [
              {
                "kind": "TypeWitness",
                "name": "ReferenceType",
                "printedName": "ReferenceType",
                "children": [
                  {
                    "kind": "TypeNominal",
                    "name": "NSData",
                    "printedName": "Foundation.NSData",
                    "usr": "c:objc(cs)NSData"
                  }
                ]
              }
            ],
            "usr": "s:10Foundation20ReferenceConvertibleP",
            "mangledName": "$s10Foundation20ReferenceConvertibleP"
          },
          {
            "kind": "Conformance",
            "name": "_ObjectiveCBridgeable",
            "printedName": "_ObjectiveCBridgeable",
            "children": [
              {
                "kind": "TypeWitness",
                "name": "_ObjectiveCType",
                "printedName": "_ObjectiveCType",
                "children": [
                  {
                    "kind": "TypeNominal",
                    "name": "NSData",
                    "printedName": "Foundation.NSData",
                    "usr": "c:objc(cs)NSData"
                  }
                ]
              }
            ],
            "usr": "s:s21_ObjectiveCBridgeableP",
            "mangledName": "$ss21_ObjectiveCBridgeableP"
          },
          {
            "kind": "Conformance",
            "name": "Transferable",
            "printedName": "Transferable",
            "children": [
              {
                "kind": "TypeWitness",
                "name": "Representation",
                "printedName": "Representation",
                "children": [
                  {
                    "kind": "TypeNominal",
                    "name": "OpaqueTypeArchetype",
                    "printedName": "some CoreTransferable.TransferRepresentation",
                    "children": [
                      {
                        "kind": "TypeNominal",
                        "name": "TransferRepresentation",
                        "printedName": "CoreTransferable.TransferRepresentation",
                        "usr": "s:16CoreTransferable22TransferRepresentationP"
                      }
                    ]
                  }
                ]
              }
            ],
            "usr": "s:16CoreTransferable0B0P",
            "mangledName": "$s16CoreTransferable0B0P"
          }
        ]
      }
    ],
    "json_format_version": 8
  },
  "ConstValues": [
    {
      "filePath": "\/Users\/amitsoni\/Documents\/Cadmium Projects\/AppointmentFlutterMain\/ios\/Pods\/FirebaseCoreInternal\/FirebaseCore\/Internal\/Sources\/HeartbeatLogging\/Heartbeat.swift",
      "kind": "IntegerLiteral",
      "offset": 869,
      "length": 1,
      "value": "1"
    },
    {
      "filePath": "\/Users\/amitsoni\/Documents\/Cadmium Projects\/AppointmentFlutterMain\/ios\/Pods\/FirebaseCoreInternal\/FirebaseCore\/Internal\/Sources\/HeartbeatLogging\/Heartbeat.swift",
      "kind": "IntegerLiteral",
      "offset": 1167,
      "length": 1,
      "value": "0"
    },
    {
      "filePath": "\/Users\/amitsoni\/Documents\/Cadmium Projects\/AppointmentFlutterMain\/ios\/Pods\/FirebaseCoreInternal\/FirebaseCore\/Internal\/Sources\/HeartbeatLogging\/Heartbeat.swift",
      "kind": "Array",
      "offset": 2219,
      "length": 2,
      "value": "[]"
    },
    {
      "filePath": "\/Users\/amitsoni\/Documents\/Cadmium Projects\/AppointmentFlutterMain\/ios\/Pods\/FirebaseCoreInternal\/FirebaseCore\/Internal\/Sources\/HeartbeatLogging\/HeartbeatController.swift",
      "kind": "StringLiteral",
      "offset": 997,
      "length": 13,
      "value": "\"en_US_POSIX\""
    },
    {
      "filePath": "\/Users\/amitsoni\/Documents\/Cadmium Projects\/AppointmentFlutterMain\/ios\/Pods\/FirebaseCoreInternal\/FirebaseCore\/Internal\/Sources\/HeartbeatLogging\/HeartbeatController.swift",
      "kind": "IntegerLiteral",
      "offset": 1063,
      "length": 1,
      "value": "0"
    },
    {
      "filePath": "\/Users\/amitsoni\/Documents\/Cadmium Projects\/AppointmentFlutterMain\/ios\/Pods\/FirebaseCoreInternal\/FirebaseCore\/Internal\/Sources\/HeartbeatLogging\/HeartbeatController.swift",
      "kind": "IntegerLiteral",
      "offset": 1442,
      "length": 2,
      "value": "30"
    },
    {
      "filePath": "\/Users\/amitsoni\/Documents\/Cadmium Projects\/AppointmentFlutterMain\/ios\/Pods\/FirebaseCoreInternal\/FirebaseCore\/Internal\/Sources\/HeartbeatLogging\/HeartbeatsPayload.swift",
      "kind": "IntegerLiteral",
      "offset": 1658,
      "length": 1,
      "value": "2"
    },
    {
      "filePath": "\/Users\/amitsoni\/Documents\/Cadmium Projects\/AppointmentFlutterMain\/ios\/Pods\/FirebaseCoreInternal\/FirebaseCore\/Internal\/Sources\/HeartbeatLogging\/HeartbeatsPayload.swift",
      "kind": "StringLiteral",
      "offset": 2240,
      "length": 12,
      "value": "\"heartbeats\""
    },
    {
      "filePath": "\/Users\/amitsoni\/Documents\/Cadmium Projects\/AppointmentFlutterMain\/ios\/Pods\/FirebaseCoreInternal\/FirebaseCore\/Internal\/Sources\/HeartbeatLogging\/HeartbeatsPayload.swift",
      "kind": "Array",
      "offset": 2571,
      "length": 2,
      "value": "[]"
    },
    {
      "filePath": "\/Users\/amitsoni\/Documents\/Cadmium Projects\/AppointmentFlutterMain\/ios\/Pods\/FirebaseCoreInternal\/FirebaseCore\/Internal\/Sources\/HeartbeatLogging\/HeartbeatsPayload.swift",
      "kind": "StringLiteral",
      "offset": 4098,
      "length": 12,
      "value": "\"yyyy-MM-dd\""
    },
    {
      "filePath": "\/Users\/amitsoni\/Documents\/Cadmium Projects\/AppointmentFlutterMain\/ios\/Pods\/FirebaseCoreInternal\/FirebaseCore\/Internal\/Sources\/HeartbeatLogging\/HeartbeatsPayload.swift",
      "kind": "StringLiteral",
      "offset": 4153,
      "length": 13,
      "value": "\"en_US_POSIX\""
    },
    {
      "filePath": "\/Users\/amitsoni\/Documents\/Cadmium Projects\/AppointmentFlutterMain\/ios\/Pods\/FirebaseCoreInternal\/FirebaseCore\/Internal\/Sources\/HeartbeatLogging\/HeartbeatsPayload.swift",
      "kind": "IntegerLiteral",
      "offset": 4218,
      "length": 1,
      "value": "0"
    },
    {
      "filePath": "\/Users\/amitsoni\/Documents\/Cadmium Projects\/AppointmentFlutterMain\/ios\/Pods\/FirebaseCoreInternal\/FirebaseCore\/Internal\/Sources\/HeartbeatLogging\/HeartbeatsPayload.swift",
      "kind": "Array",
      "offset": 4680,
      "length": 2,
      "value": "[]"
    },
    {
      "filePath": "\/Users\/amitsoni\/Documents\/Cadmium Projects\/AppointmentFlutterMain\/ios\/Pods\/FirebaseCoreInternal\/FirebaseCore\/Internal\/Sources\/HeartbeatLogging\/HeartbeatsPayload.swift",
      "kind": "Array",
      "offset": 5242,
      "length": 2,
      "value": "[]"
    },
    {
      "filePath": "\/Users\/amitsoni\/Documents\/Cadmium Projects\/AppointmentFlutterMain\/ios\/Pods\/FirebaseCoreInternal\/FirebaseCore\/Internal\/Sources\/HeartbeatLogging\/HeartbeatStorage.swift",
      "kind": "Dictionary",
      "offset": 2427,
      "length": 3,
      "value": "[]"
    },
    {
      "filePath": "\/Users\/amitsoni\/Documents\/Cadmium Projects\/AppointmentFlutterMain\/ios\/Pods\/FirebaseCoreInternal\/FirebaseCore\/Internal\/Sources\/HeartbeatLogging\/StorageFactory.swift",
      "kind": "StringLiteral",
      "offset": 758,
      "length": 26,
      "value": "\"google-heartbeat-storage\""
    },
    {
      "filePath": "\/Users\/amitsoni\/Documents\/Cadmium Projects\/AppointmentFlutterMain\/ios\/Pods\/FirebaseCoreInternal\/FirebaseCore\/Internal\/Sources\/HeartbeatLogging\/StorageFactory.swift",
      "kind": "StringLiteral",
      "offset": 905,
      "length": 30,
      "value": "\"com.google.heartbeat.storage\""
    }
  ]
}